timestamp,x,y,z,rx,ry,rz
1784707817334,-87.8775482,43.7426567,111.682213,-8.75889778,57.0488205,83.9255295
1784707817465,-87.529213,43.5241814,111.441933,-8.76747322,56.9802246,83.848877
1784707817513,-87.1480865,43.3400841,111.049217,-8.87676239,56.9646606,83.7711945
1784707817558,-86.7035446,43.2427444,110.703865,-9.00462723,56.9967003,83.6253433
1784707817602,-86.2020721,43.1460571,110.414551,-9.06466389,57.0332222,83.5084991
1784707817647,-85.8041382,43.0778465,110.25631,-9.09248257,57.0130882,83.4768295
1784707817692,-85.3596497,42.944458,109.859802,-9.13310432,57.0847626,83.4055634
1784707817736,-85.1303406,42.8044434,109.614594,-9.13227558,57.1086044,83.4235611
1784707817780,-84.9151001,42.494751,109.11454,-9.19301701,57.2057571,83.3624268
1784707817824,-84.8460922,42.1684494,108.682915,-9.25908566,57.2409477,83.2699509
1784707817868,-84.7888718,41.8312073,108.238968,-9.41545963,57.2081604,83.0437393
1784707817913,-84.6182022,41.4996758,108.031273,-9.69321156,57.1858101,82.7894974
1784707817957,-84.2895813,41.0830917,107.784912,-9.67277718,57.2646294,82.8056107
1784707818001,-84.0686188,40.6238976,107.580414,-9.56806278,57.3419838,82.9387436
1784707818045,-84.0774155,40.2460022,107.525764,-9.30961132,57.3089828,83.2393112
1784707818089,-84.203064,39.9052811,107.23925,-9.12874794,57.2963676,83.4605026
1784707818134,-84.4617691,39.6788902,106.962105,-9.01233196,57.2775917,83.5731812
1784707818178,-84.6361389,39.5068245,106.655777,-9.13224983,57.308136,83.4806824
1784707818222,-84.7432251,39.3292847,106.505013,-9.10874557,57.3331718,83.4815445
1784707818266,-84.7893143,39.0238686,106.245041,-8.93900013,57.4173088,83.5799255
1784707818310,-85.0138245,38.6431007,106.048981,-8.79650688,57.4618034,83.7715378
1784707818355,-85.2268372,38.2552872,105.611023,-8.59235001,57.4874802,83.9810181
1784707818399,-85.4621887,37.9282379,105.182404,-8.53913784,57.5239105,84.1140442
1784707818443,-85.6666107,37.7930908,104.632919,-8.42014885,57.4896927,84.1691666
1784707818488,-85.7282944,37.7618904,104.149254,-8.55208206,57.5334511,84.0404663
1784707818532,-85.6679916,37.6332321,103.581787,-8.56791306,57.6387711,83.8872528
1784707818577,-85.5953903,37.3511734,103.04908,-8.69791126,57.7013893,83.7387772
1784707818621,-85.357399,36.9390564,102.374786,-8.8061552,57.7755508,83.562149
1784707818665,-85.1685562,36.4340897,101.954033,-8.91408253,57.8636551,83.5918579
1784707818710,-84.9402924,35.876049,101.374992,-8.85298157,57.9352646,83.6753159
1784707818754,-84.6994858,35.4435768,100.851883,-8.82287407,57.9137611,83.681694
1784707818798,-84.3455963,35.1654968,100.395401,-8.89094067,57.8963242,83.6621933
1784707818842,-83.9845963,34.950222,99.9773636,-8.81513977,57.9254036,83.7160034
1784707818887,-83.7437134,34.6669731,99.6232452,-8.7658596,58.001812,83.8471298
1784707818931,-83.5498886,34.2820587,98.9729233,-8.69105339,58.1144791,83.9093781
1784707818975,-83.5187378,33.9458542,98.3091125,-8.6866169,58.1501541,83.9119415
1784707819019,-83.4708099,33.5951462,97.7384109,-8.9022398,58.1597061,83.7182083
1784707819064,-83.2908173,33.2215996,97.2798386,-8.98494053,58.1533089,83.6355057
1784707819108,-83.0087204,32.7722206,96.8245697,-8.9285965,58.1901855,83.6249008
1784707819152,-82.821907,32.3580856,96.4841614,-8.65286922,58.1989212,83.7992554
1784707819196,-82.6859512,31.8654881,96.0023193,-8.38845158,58.2995682,84.0032196
1784707819240,-82.7338562,31.2782097,95.3886337,-8.15112686,58.4248238,84.2150192
1784707819285,-82.8301926,30.6659718,94.7712173,-8.11075592,58.4674225,84.2624893
1784707819329,-82.7747421,30.0925713,94.1954422,-8.201931,58.5052338,84.194519
1784707819373,-82.7501068,29.6878872,93.9857407,-8.14147282,58.4441299,84.3228912
1784707819421,-82.6074066,29.275753,93.5253525,-7.99326801,58.4946632,84.4498138
1784707819466,-82.6602859,28.9708977,93.1382446,-7.87234497,58.501152,84.5544739
1784707819510,-82.7795639,28.705759,92.6907272,-7.88205147,58.4965897,84.5665359
1784707819554,-82.9210205,28.5457668,92.213356,-7.99668503,58.4878044,84.5389709
1784707819598,-82.989769,28.5916958,91.8275986,-8.09062958,58.430706,84.4634476
1784707819643,-82.8879166,28.8519382,91.4894791,-8.21622086,58.3744507,84.2342834
1784707819687,-82.6031265,29.095377,91.2058716,-8.53622437,58.3951645,83.8010788
1784707819731,-82.2606125,29.1654224,91.0848999,-8.71232033,58.4087944,83.5581818
1784707819775,-81.7996826,28.9860821,90.8110428,-8.81830788,58.4526901,83.4710236
1784707819819,-81.310051,28.7677956,90.3780441,-8.99436092,58.5129166,83.3193817
1784707819863,-80.8404236,28.637373,89.9680557,-9.24604988,58.53582,83.0912552
1784707819908,-80.2964706,28.6610355,89.6928711,-9.56686115,58.5013542,82.7122574
1784707819952,-79.6006241,28.6606979,89.6111984,-9.87211418,58.4515038,82.4136124
1784707819996,-78.8413696,28.6133156,89.7524872,-10.0042048,58.4024162,82.355896
1784707820041,-77.9622574,28.4810696,89.9686279,-10.1416388,58.3987846,82.3468475
1784707820085,-77.0218735,28.2611332,89.9548187,-10.1381712,58.4616089,82.3214111
1784707820130,-76.161644,27.9336147,89.864212,-10.2925692,58.5026741,82.1278
1784707820174,-75.4492111,27.6619759,89.9145889,-10.4876556,58.4057999,81.8905716
1784707820219,-74.6616669,27.4613914,90.0305023,-10.7578173,58.321312,81.5753403
1784707820263,-73.7038803,27.3183117,90.3513107,-10.9464302,58.242836,81.3628464
1784707820307,-73.7038803,27.3183117,90.3513107,-10.9464302,58.242836,81.3628464
1784707820357,-73.7038803,27.3183117,90.3513107,-10.9464302,58.242836,81.3628464
1784707820406,-73.7038803,27.3183117,90.3513107,-10.9464302,58.242836,81.3628464
1784707820456,-68.3252335,26.1056004,89.8011627,-10.9804859,58.8188629,80.865799
1784707820501,-67.4604416,26.1774635,90.5040741,-11.1848049,58.6706047,80.5839996
1784707820547,-66.4702759,26.2413635,91.4838409,-11.5136747,58.4358635,80.2689896
1784707820593,-66.4702759,26.2413635,91.4838409,-11.5136747,58.4358635,80.2689896
1784707820642,-66.4702759,26.2413635,91.4838409,-11.5136747,58.4358635,80.2689896
1784707820691,-62.4808159,26.4579792,93.9042892,-10.8019466,57.571312,80.7559662
1784707820736,-61.2246056,26.1907215,94.5517426,-11.2992954,57.4170723,80.4283981
1784707820781,-59.646595,25.5732117,94.8280258,-11.4655476,57.736721,79.5039825
1784707820827,-58.2978516,25.0617809,95.5068512,-11.7668371,57.6772614,79.2634735
1784707820872,-56.9067421,24.3302803,96.1466751,-11.9216557,57.6262779,79.1277618
1784707820918,-55.4014511,23.4674358,96.5571213,-11.9545078,57.6007462,79.1152267
1784707820964,-53.9972382,22.6890316,96.8239594,-11.6680241,57.5966568,79.3381729
1784707821010,-52.5846596,21.9179134,96.5449829,-11.709343,57.7961769,79.3582382
1784707821055,-51.6492424,21.349884,96.7247467,-11.5137491,57.8016434,79.4862289
1784707821099,-50.8854752,20.8542061,96.89151,-11.4894447,57.7885628,79.4019394
1784707821143,-50.1811523,20.468708,97.1406021,-11.5407276,57.6793823,79.2529984
1784707821186,-49.3798294,20.2177944,97.514595,-11.6161747,57.630909,79.0776367
1784707821230,-48.5301094,20.0583572,97.9127426,-11.5035954,57.5784111,79.1091919
1784707821274,-47.7474785,19.958477,98.4499512,-11.4418077,57.4779892,79.1154404
1784707821317,-46.9645729,19.9715481,98.968071,-11.332016,57.3860588,79.1470718
1784707821360,-46.2034531,20.0618362,99.532074,-11.2890768,57.3150406,79.1237335
1784707821404,-45.3364677,20.13451,100.080345,-11.2908068,57.288166,79.0498428
1784707821447,-44.4223785,20.1228409,100.551682,-11.2028437,57.2827759,79.0366364
1784707821491,-43.5991554,20.1300125,101.120399,-11.0608749,57.2155342,79.064209
1784707821534,-42.7639618,20.1399784,101.494499,-11.1031713,57.2126007,78.9278793
1784707821578,-41.9361191,20.2011719,101.930916,-11.1299515,57.1364555,78.7786331
1784707821621,-40.9940567,20.3108959,102.257294,-11.3304253,57.0859909,78.5066833
1784707821665,-39.9476929,20.4275684,102.471153,-11.6109457,57.1138115,78.2011948
1784707821710,-38.9484596,20.5520077,102.664528,-11.6500263,57.1427498,78.0888977
1784707821753,-38.0785637,20.694521,102.893272,-11.6711216,57.1162491,77.9439316
1784707821798,-37.2146873,20.8671188,102.953606,-11.8199377,57.089798,77.6922379
1784707821841,-36.3055954,21.0086765,103.01329,-12.0688343,57.1391029,77.3678436
1784707821885,-35.3670769,21.0796413,103.076157,-12.2217512,57.2120361,77.177681
1784707821928,-34.5035667,21.0931225,103.220886,-12.3136177,57.2380524,77.0462799
1784707821972,-33.7008171,21.1616459,103.303467,-12.3088446,57.196804,76.9700012
1784707822016,-32.9599266,21.4269638,103.438194,-12.34342,57.1513252,76.8393173
1784707822060,-32.3706856,21.81884,103.672752,-12.1733809,57.0342865,76.9479141
1784707822104,-31.7757339,22.0226173,103.824081,-12.2670326,57.1182747,76.824852
1784707822149,-31.1737423,22.0286846,103.966499,-12.2025709,57.2172394,76.8453522
1784707822194,-30.6814594,21.8666897,104.046371,-11.9965115,57.2711411,77.0398788
1784707822238,-30.3273621,21.6836166,104.098442,-11.7723894,57.2600937,77.2440414
1784707822283,-30.0132198,21.4756508,104.146561,-11.6894455,57.2623024,77.3618164
1784707822327,-29.6555042,21.1899967,104.12841,-11.6218681,57.3004837,77.3671494
1784707822372,-29.2802715,20.9200516,104.121063,-11.5723038,57.2931442,77.3277283
1784707822416,-28.9240875,20.716013,104.177017,-11.5194407,57.3011856,77.2404099
1784707822461,-28.5198269,20.37117,104.173378,-11.5288601,57.3712006,77.1213303
1784707822507,-28.0663395,19.8085289,104.259583,-11.6871386,57.3407745,76.9516602
1784707822551,-27.4074097,19.1778965,104.341675,-11.8872547,57.2018127,76.7599945
1784707822596,-26.4435253,18.6975689,104.44767,-11.9864187,57.1214142,76.6783981
1784707822641,-25.3155384,18.3130608,104.454498,-12.1449957,57.1753998,76.414566
1784707822684,-24.2050381,18.0943966,104.658127,-12.1580496,57.111805,76.2954865
1784707822728,-23.1553555,17.8290958,104.742081,-12.1417322,57.1135025,76.1942978
1784707822772,-22.2818394,17.4701366,104.786125,-12.1151009,57.0970879,76.0926285
1784707822815,-21.5827312,17.1056824,104.777718,-12.2299175,57.0410309,75.9087143
1784707822858,-20.8705997,16.8794479,104.857719,-12.4019003,56.9881325,75.7589951
1784707822902,-20.1185169,16.6492901,104.958145,-12.5650911,56.9764366,75.6027908
1784707822945,-19.2750568,16.4983311,105.065849,-12.6800613,56.9095078,75.4416809
1784707822988,-18.3091145,16.3470402,105.235878,-12.7625408,56.89785,75.2728348
1784707823032,-17.2938137,16.1394787,105.449211,-12.7118797,56.8892746,75.1891251
1784707823075,-16.4408436,15.8304415,105.680573,-12.4881926,56.873455,75.2805786
1784707823118,-15.7900314,15.5584955,105.851341,-12.4156551,56.8335991,75.280304
1784707823161,-15.1665192,15.3803911,106.110413,-12.4866343,56.807621,75.1547089
1784707823204,-14.3866081,15.2639265,106.427193,-12.6415758,56.7983971,74.989151
1784707823248,-13.4794979,15.1367216,106.826378,-12.7624149,56.7677002,74.7756119
1784707823291,-12.4925728,15.0914602,107.427071,-12.8845301,56.5988808,74.4967957
1784707823334,-11.3377132,15.3905525,108.77179,-12.9533482,56.1913033,74.2365875
1784707823378,-9.91710949,15.7914743,109.417282,-13.1713638,55.9804153,74.2549515
1784707823423,-8.52767754,16.1116982,110.440254,-13.1925268,56.0548782,73.8590622
1784707823468,-7.16498756,16.20858,111.157433,-13.4038181,55.8872757,73.9037933
1784707823513,-5.78113508,16.257534,112.059555,-13.6728745,55.7039261,73.6061096
1784707823558,-4.25532961,16.4211655,113.127014,-13.8885202,55.4962273,73.2698822
1784707823603,-0.263017714,18.8745022,136.595352,-14.7904091,49.0460243,74.8738937
1784707823649,-0.263017714,18.8745022,136.595352,-14.7904091,49.0460243,74.8738937
1784707823698,3.46207929,18.8512363,136.531113,-14.4301729,49.6794548,74.1100006
1784707823743,2.3859098,16.4018517,116.100311,-14.4854469,55.4514542,72.117836
1784707823788,3.72352386,16.0557442,116.656448,-14.5839567,55.438961,71.9538574
1784707823833,5.02462149,15.7696352,117.258072,-14.7578182,55.3391457,71.7231369
1784707823879,6.34933233,15.5427685,117.802437,-14.9088812,55.2922821,71.4818115
1784707823924,7.57430696,15.2565975,118.409988,-14.9318504,55.2643089,71.2938309
1784707823968,9.22869492,16.0538197,126.358871,-11.0136261,53.5903282,73.9515533
1784707824013,10.0119114,15.5709686,125.270088,-11.8694153,53.9451447,73.4514999
1784707824057,10.4192429,14.8468971,121.498207,-14.0360355,54.5633621,72.4010696
1784707824102,11.2159891,14.5769548,120.683601,-15.2259693,55.0521851,71.167572
1784707824146,11.7293177,14.5476732,122.492325,-14.1443348,54.3778877,72.5334396
1784707824191,12.0989151,14.181015,123.140388,-15.5984507,54.237812,71.7577744
1784707824236,12.2804804,13.8321104,123.330429,-15.6672535,54.3594856,71.4191666
1784707824283,12.4903231,13.6506529,124.396111,-14.6332884,54.7524643,71.3427658
1784707824327,12.6847773,13.8086758,124.677856,-14.9964647,54.6760635,71.3641281
1784707824371,12.9615135,14.4420099,128.435059,-13.1141138,54.2926178,71.7785568
1784707824416,12.4329967,14.4704885,125.196747,-14.9108095,54.9098167,71.1301575
1784707824461,12.9039593,15.6854086,129.784805,-12.041049,54.5709991,72.6105957
1784707824506,13.3378468,16.5244179,131.915131,-11.2238255,54.4495277,72.6887207
1784707824551,13.2979603,16.290699,127.666122,-14.8318892,54.0433884,71.7922134
1784707824596,14.3026676,17.3539772,132.834045,-11.6388502,54.4436073,72.4942551
1784707824641,14.6424742,17.2283802,129.606003,-14.5236464,54.7380981,71.2416077
1784707824686,16.0237541,18.8331146,135.384064,-11.2754879,54.0330544,72.1012192
1784707824731,15.9522867,18.3699551,130.553055,-14.671298,54.7427177,71.3517838
1784707824775,16.4583454,18.8467064,131.959427,-14.2631454,54.5223846,71.7486725
1784707824819,16.810709,18.9698143,132.949387,-13.8798523,54.632267,71.7048874
1784707824863,16.9609032,18.7736702,133.259079,-13.7888222,54.6562576,71.5556564
1784707824907,17.0773621,18.5349922,132.766678,-14.4121132,54.5220222,71.3945007
1784707824950,17.0235958,18.1752052,131.211914,-14.4612885,55.1093788,71.1163254
1784707824994,17.3902569,18.4049625,132.82373,-13.933322,54.7055054,71.7805481
1784707825038,17.5388374,18.4671574,132.897202,-13.6270094,54.7728157,72.0943527
1784707825082,17.5217533,18.55583,132.949066,-13.5116558,54.7726936,72.3601761
1784707825126,17.3558693,18.6968689,133.077484,-13.5031948,54.6997337,72.5637207
1784707825170,16.7862434,18.9811077,132.433914,-12.867672,54.4873772,73.0436859
1784707825214,16.546526,19.582058,134.008224,-13.6125288,54.3083115,72.8526535
1784707825259,15.9276466,19.8289642,132.616486,-13.1036215,54.5286369,72.7833862
1784707825304,15.7172136,20.4412537,132.789612,-13.1773634,54.3455963,72.8757172
1784707825349,15.9150038,20.9805737,133.883743,-13.2879953,54.9305801,72.5112076
1784707825393,15.9349966,21.685339,134.022797,-12.2186708,54.4889107,73.587204
1784707825437,15.8821955,22.3132629,134.4897,-11.8395977,54.4011726,73.9888153
1784707825483,15.6504726,23.0330658,135.165787,-11.2190256,54.6417465,74.3229065
1784707825527,15.2537127,23.3833866,133.895737,-12.0477533,55.7268066,73.0752106
1784707825572,14.8863535,23.8655567,134.001816,-12.0390196,55.8273621,73.0875778
1784707825616,14.545619,24.0597191,134.151321,-12.0502672,55.8851166,73.0273361
1784707825661,14.3615246,24.1296101,133.930191,-12.2595158,55.8916588,72.8099899
1784707825706,14.4833212,24.1662407,133.792084,-12.3554859,55.8875656,72.7769165
1784707825750,14.7510862,24.2452564,133.947784,-12.2200127,55.8469658,72.9027176
1784707825795,15.1220169,24.3107567,133.991959,-12.301981,55.765583,72.8864594
1784707825840,15.5463772,24.3921547,134.009384,-12.3757286,55.7011566,72.7910919
1784707825884,15.9619751,24.4908085,133.993774,-12.4624796,55.7429924,72.6076889
1784707825929,16.5051327,24.3901253,133.852142,-12.7181158,55.8286209,72.2859726
1784707825973,17.2703896,24.1619434,133.63591,-13.0938082,55.8436203,71.8977737
1784707826018,19.1712532,24.7724304,138.44548,-11.8718328,54.6279221,72.4211121
1784707826062,19.8258133,23.6705379,135.200012,-12.8046789,55.4583168,72.1008759
1784707826106,20.7671814,22.8597469,133.934341,-13.7463188,55.4883728,71.6430511
1784707826149,21.4578552,22.0214615,133.396744,-14.0860634,55.4969559,71.115654
1784707826193,22.0672054,21.2845573,132.697342,-14.5650291,55.5061531,70.5209579
1784707826236,22.9587059,20.8549843,132.579254,-14.3623791,55.7836266,70.0035172
1784707826280,24.1594219,20.554985,133.257339,-14.2364054,55.6310654,70.1166229
1784707826323,25.3638306,20.0343151,133.324722,-14.2741413,55.6114845,70.0375137
1784707826367,26.6959248,19.4822159,133.587219,-14.4272079,55.4538612,69.9799576
1784707826412,27.9306831,19.0142365,133.53392,-14.4134865,55.4169807,69.8475647
1784707826456,29.146883,18.7211475,133.480423,-14.4712009,55.3939209,69.7389679
1784707826501,30.3375835,18.4557648,133.314255,-14.5468884,55.4494553,69.6156845
1784707826546,22.173048,15.9806204,109.939018,-2.95715189,63.5999146,76.2159271
1784707826591,32.7512589,18.3402042,133.070145,-14.5012636,55.4546928,69.4964752
1784707826635,33.7666245,18.353281,132.990372,-14.4744644,55.5004997,69.3878632
1784707826680,34.5079689,18.1476974,132.469589,-14.3150587,55.7877731,69.107666
1784707826724,35.3156509,17.866724,132.204773,-14.4304733,55.8646507,68.7297668
1784707826767,36.2950974,17.4817085,132.074478,-14.4809399,55.8948975,68.4249344
1784707826810,37.4888458,17.3012486,132.115402,-14.6423569,55.7295837,68.3870392
1784707826855,38.8693924,17.2834034,131.958084,-14.5706768,55.8304901,68.3744202
1784707826900,40.182373,16.9660892,131.671555,-14.3725252,56.1135902,68.331337
1784707826943,41.6164131,16.5083542,131.839706,-14.4322748,56.0619812,68.2201843
1784707826987,43.0462952,16.0557117,131.640961,-14.5174589,56.0699959,67.854248
1784707827031,44.7763214,15.8740673,132.227615,-14.593832,55.7755394,67.7878265
1784707827074,44.7763214,15.8740673,132.227615,-14.593832,55.7755394,67.7878265
1784707827124,48.077034,15.7352962,132.428131,-14.4389791,55.7686005,67.637146
1784707827172,49.7359924,15.3388214,132.621368,-14.9946976,55.8847885,67.282814
1784707827216,51.2323761,14.8484364,133.047073,-15.1331224,55.7985153,66.9636917
1784707827259,52.6079636,14.2415733,133.277939,-15.349535,55.7443085,66.5689316
1784707827303,53.8969269,13.769125,133.337158,-15.3905811,55.7468376,66.3564453
1784707827346,55.1483345,13.4487448,133.495972,-15.4702854,55.6410446,66.1641617
1784707827390,56.1554527,13.1397371,133.478775,-15.4432764,55.7522621,66.1100311
1784707827432,56.9434128,12.8924694,133.522247,-15.4275551,55.779026,66.0590515
1784707827475,57.623703,12.6682634,133.509399,-15.3031139,55.8661232,66.0690613
1784707827518,58.1958885,12.602725,133.369476,-15.1094484,55.9124794,66.1496964
1784707827560,58.6629257,12.8153553,133.362595,-14.7954073,56.0188751,66.3456573
1784707827603,58.9475975,13.2088013,133.181915,-14.5260353,56.2440643,66.470108
1784707827646,59.1203079,13.5784636,133.212814,-14.2817736,56.5097542,66.4998322
1784707827688,59.1734581,13.6170492,133.141479,-14.1429596,56.8312874,66.4642487
1784707827731,59.2998428,13.4209709,132.87471,-13.8514681,56.9394569,66.5562515
1784707827774,59.6341476,13.3467512,132.781296,-13.567399,56.9708939,66.6974487
1784707827817,60.031311,13.470418,132.704239,-13.2247982,57.0511475,66.9857864
1784707827859,60.4532928,13.533741,132.774445,-13.0332642,57.1851311,67.1208649
1784707827902,60.8495598,13.4370518,132.562973,-13.044733,57.2824669,67.0641098
1784707827945,61.333786,13.2798662,132.379028,-12.9670296,57.3856392,67.0471878
1784707827988,62.0144844,13.145668,132.404861,-13.0890856,57.3735733,66.7835464
1784707828031,62.8848915,13.0456572,132.31813,-13.2524443,57.3397751,66.5725403
1784707828073,63.8904686,13.1626883,131.937042,-13.1851482,57.4233093,66.5113831
1784707828116,65.0038834,13.63482,131.836395,-13.0075998,57.5062256,66.5755157
1784707828159,65.8189697,14.2245588,131.653122,-12.921258,57.7364388,66.674469
1784707828201,66.2052383,14.5452194,131.371552,-12.8698015,58.0323486,66.7720413
1784707828244,66.3772507,14.4370823,131.251541,-12.8267031,58.1757393,66.7197723
1784707828287,66.6895828,14.1098719,131.095093,-12.9082403,58.21278,66.4288254
1784707828329,66.9137039,13.7308693,130.600433,-12.8502235,58.2720184,66.3468704
1784707828372,67.3363647,13.4739513,130.268204,-12.7768507,58.3098869,66.2179337
1784707828414,67.6924515,13.3552465,129.841629,-12.5926781,58.3942604,66.2689514
1784707828457,67.958046,13.1727133,129.594559,-12.4948244,58.4550018,66.2485809
1784707828499,68.1774292,12.75457,129.429062,-12.3578758,58.4769325,66.2409363
1784707828542,68.5618362,12.4048281,129.107788,-12.2591038,58.4579735,66.1802826
1784707828585,69.0063782,12.2898483,128.187531,-11.8027811,58.6225204,66.4843826
1784707828627,69.7017975,12.4180136,127.66291,-11.4131098,58.8771591,66.7476044
1784707828670,69.9731598,12.4276876,127.242172,-10.5229607,59.1102333,67.5458755
1784707828713,70.1251297,12.0752335,126.972839,-10.566762,59.1773987,67.4119873
1784707828756,70.5591125,11.5375233,126.298065,-9.88768291,59.3130074,67.9373474
1784707828798,70.6288071,11.1386986,125.688538,-9.00671959,59.3777046,68.6084061
1784707828841,70.2359772,10.8570204,125.297096,-8.45770836,59.4205856,68.977211
1784707828884,69.520462,10.7319241,124.966255,-8.25918961,59.485527,68.9754028
1784707828926,68.9152145,10.5341129,124.580704,-8.1739254,59.4777718,68.8856201
1784707828969,68.6354904,10.4467554,123.764351,-8.00965214,59.6927185,68.8310623
1784707829012,68.8303375,10.1120949,122.913689,-7.3296299,59.9713707,69.2403107
1784707829055,68.9981613,9.71324635,122.047607,-6.3595767,60.0376091,70.1406174
1784707829098,69.0403976,9.54522133,121.264656,-5.62899208,60.1782112,70.7787781
1784707829140,68.9641113,9.25980282,120.64782,-5.24596739,60.2497444,70.942421
1784707829183,68.9120407,9.38602448,120.32547,-5.02432346,60.1612625,70.9997787
1784707829226,69.0937881,10.0521383,120.339348,-4.95400286,60.0497894,71.0256271
1784707829268,69.3622208,10.923542,120.023376,-4.83690453,60.242218,71.142395
1784707829311,69.8575516,11.7655983,119.516151,-4.66666412,60.5840149,71.2812576
1784707829354,70.3752365,12.3109818,119.137505,-4.13608313,60.8486366,71.8645859
1784707829397,70.6397552,12.725667,118.981331,-3.77605891,60.9727745,72.356636
1784707829440,70.655014,12.9612436,118.736046,-3.60122967,61.0427361,72.7388153
1784707829483,70.8122711,12.9825754,118.681213,-3.57799244,61.0453339,73.0489426
1784707829526,70.679245,12.7739563,118.731255,-3.29831719,60.8344917,73.7689056
1784707829569,70.52491,12.5686913,118.84304,-3.53974414,60.5312805,73.805275
1784707829611,83.6240158,13.5802622,139.817032,-59.3891983,51.9225845,48.8834877
1784707829654,71.2190628,8.84858227,117.558716,-3.39491701,59.5478783,74.3902893
1784707829698,82.8175507,13.3914967,138.612457,-54.6214561,49.9477119,51.8379478
1784707829740,70.2823486,14.3201323,118.612289,-5.290277,59.5266418,73.2353668
1784707829783,69.8640366,14.093874,117.448219,-3.92581344,60.5746536,73.7964706
1784707829826,69.8640366,14.093874,117.448219,-3.92581344,60.5746536,73.7964706
1784707829875,67.2007141,16.1769562,118.354301,-4.42907429,61.1785545,72.9907761
1784707829918,65.6929703,14.5956392,118.736053,-4.91827822,60.5977478,72.4176788
1784707829961,64.6353683,12.6201611,118.961685,-5.20252037,59.6807365,72.2035522
1784707830010,64.6353683,12.6201611,118.961685,-5.20252037,59.6807365,72.2035522
1784707830059,63.5884705,8.48067379,117.757126,-4.6369338,57.907711,72.9275513
1784707830102,63.0538483,7.46796608,117.156715,-3.96106768,57.5139503,73.506813
1784707830145,62.3804512,7.20915842,117.202942,-3.64396548,57.2176933,73.8985596
1784707830188,61.5864792,7.1565814,116.995911,-3.7911737,57.2867508,73.7701492
1784707830231,60.925972,6.74369812,116.773369,-3.75690484,57.2475739,73.7990189
1784707830276,60.299408,6.25347376,116.48851,-3.68089795,57.0775337,73.8357697
1784707830319,59.7337494,5.6037221,116.217804,-3.57831001,56.8537598,74.0672531
1784707830362,59.1933517,5.0628171,115.850014,-3.49599576,56.6622925,74.1746216
1784707830405,58.4502487,4.4546876,115.921959,-3.10362315,56.3920174,74.4715652
1784707830448,57.4318542,4.49297142,116.362488,-3.44078112,56.1503944,74.0367584
1784707830491,56.2706604,4.44931221,115.884659,-3.93937445,56.3422623,73.6546173
1784707830534,55.8062248,4.50345325,116.097527,-4.20957041,56.0304489,73.6900024
1784707830578,55.0932884,4.41839552,115.732765,-4.2246089,56.196209,73.7910614
1784707830621,54.5339394,4.06121588,116.02327,-4.26707506,55.9480095,73.8800278
1784707830664,53.7140045,3.71059942,115.769501,-4.27084064,55.8459969,73.6531067
1784707830707,53.1181259,3.62471724,116.128242,-4.30241776,55.4427643,73.6837234
1784707830750,52.1768112,3.95112991,116.176331,-4.24001503,55.3287964,73.8091049
1784707830794,51.1861305,4.52535534,116.50116,-4.51917219,55.3367348,73.7556992
1784707830837,50.3837471,4.94673395,116.887718,-4.73470259,55.263607,73.836441
1784707830880,49.6246147,5.28140879,117.095222,-4.76330566,55.2142906,73.8914642
1784707830923,48.6270943,5.7388339,116.930511,-4.81607628,55.3733521,73.7773514
1784707830967,47.8995857,6.13794231,117.47538,-4.99542189,55.2230988,73.6648865
1784707831010,47.1573067,6.35949087,117.378418,-4.9328475,55.1714287,73.705513
1784707831053,46.4008675,6.92959976,117.56102,-4.76937389,55.0480156,73.9393463
1784707831097,45.3101006,7.74236584,117.966095,-4.81640291,55.2159691,74.1350632
1784707831141,45.3101006,7.74236584,117.966095,-4.81640291,55.2159691,74.1350632
1784707831191,45.3101006,7.74236584,117.966095,-4.81640291,55.2159691,74.1350632
1784707831240,40.7544937,10.8826332,118.482262,-5.6897893,55.5811043,73.0328369
1784707831283,39.4820557,11.7141008,118.569717,-5.95124912,55.5481491,72.8134079
1784707831327,38.5466843,12.5799665,118.776924,-5.91714239,55.5002975,72.9708023
1784707831370,37.9351997,13.4437551,119.278862,-5.8525548,55.3699684,73.3894424
1784707831415,37.9351997,13.4437551,119.278862,-5.8525548,55.3699684,73.3894424
1784707831465,36.1732292,15.82967,119.941605,-5.33379507,55.5499573,73.7001114
1784707831508,35.1890526,16.7010937,120.220589,-5.11056852,55.7987976,73.8451691
1784707831556,34.0434036,17.3923912,120.861992,-4.89225721,55.6520767,74.1002808
1784707831599,32.5060158,18.2854996,121.519608,-4.84786701,55.6897659,74.365921
1784707831644,32.5060158,18.2854996,121.519608,-4.84786701,55.6897659,74.365921
1784707831693,30.2066078,21.2699375,123.884705,-5.5540657,55.0466881,74.3891373
1784707831736,29.5027828,22.6560688,125.370346,-5.23951721,54.9034004,74.5143585
1784707831780,29.0228863,23.9742393,126.43634,-5.52445364,54.5764694,74.497139
1784707831823,29.3714485,25.7760906,129.579544,-4.91151953,53.882412,74.4347534
1784707831867,27.7262115,25.6906166,126.096748,-5.81353664,55.276577,74.1111374
1784707831911,27.0582123,26.2927475,126.56498,-6.07691383,55.1845779,73.9950256
1784707831956,26.4014397,26.8386822,126.949715,-6.3418045,55.1853333,73.9268341
1784707832001,25.7986584,27.3250237,127.155243,-6.56953573,55.2328033,73.8462219
1784707832045,25.217268,27.6504173,127.200188,-6.82600546,55.3042068,73.6846008
1784707832090,24.7282848,27.9954548,127.356949,-7.03576756,55.2474327,73.4085159
1784707832134,24.3149204,28.6008644,127.111069,-7.31845856,55.3334312,73.1128235
1784707832179,23.9279308,28.9588909,126.828499,-7.25382853,55.7360229,73.084137
1784707832222,23.4616489,29.4601593,127.20224,-7.16165113,55.5638618,73.3855286
1784707832267,22.6872997,29.8131714,127.163155,-6.99267626,55.7669907,73.5340042
1784707832310,21.8107224,30.4507999,127.652733,-6.92855406,55.5133133,73.761528
1784707832355,20.7932301,31.2019405,127.851944,-7.00177813,55.5376472,73.6812744
1784707832399,19.8114319,32.0275574,128.141006,-7.00984812,55.4809074,73.6445923
1784707832444,18.9201183,32.9764633,128.442276,-6.96155071,55.4545364,73.7615128
1784707832488,18.0574856,34.0519485,128.831329,-6.6043458,55.488018,74.1530685
1784707832533,17.0111485,35.0370483,129.304382,-6.14901876,55.6227493,74.6626968
1784707832577,15.7950401,36.0401764,130.066895,-5.8005209,55.4841423,75.1260071
1784707832622,14.4224873,37.3061409,130.805374,-5.4973731,55.4070282,75.4101105
1784707832666,13.1662693,38.5884361,131.492676,-5.63189888,55.3244972,75.3883896
1784707832715,12.2094755,39.7723923,132.193527,-5.80050325,55.2982521,75.2391586
1784707832760,11.5900469,40.7615128,133.107544,-5.93109369,55.1545334,75.2169418
1784707832804,11.1006861,41.4718704,133.102203,-5.96592617,55.4310532,75.0901108
1784707832848,10.9346523,42.2935524,133.656265,-6.06640625,55.4322281,75.1378708
1784707832890,10.9788036,43.0551643,134.047287,-6.10635614,55.4694099,75.1780167
1784707832933,11.1364279,43.6049805,134.354446,-6.25170708,55.6300201,75.0031586
1784707832976,11.5439615,43.9557419,134.676559,-6.61646509,55.6873398,74.595993
1784707833019,12.1306963,44.2324638,134.925751,-6.69775438,55.6336861,74.4835052
1784707833062,12.8187675,44.4876366,135.259979,-6.95774794,55.7338943,74.2958374
1784707833104,13.4640284,44.5422897,135.665909,-6.99208879,55.5742455,74.295578
1784707833147,14.0786915,44.7151718,136.000854,-7.07226133,55.5275536,74.2854843
1784707833190,14.7443295,45.0807381,136.521988,-7.03715611,55.2961464,74.3995972
1784707833233,15.4028921,45.1806412,136.390808,-7.13819361,55.6504936,74.2812195
1784707833275,16.0413971,45.0397224,136.520676,-6.9788084,55.7750053,74.3526154
1784708103423,-87.8775482,43.7426567,111.682213,-8.75889778,57.0488205,83.9255295
1784708103535,-87.529213,43.5241814,111.441933,-8.76747322,56.9802246,83.848877
1784708103580,-87.1480865,43.3400841,111.049217,-8.87676239,56.9646606,83.7711945
1784708103625,-86.7035446,43.2427444,110.703865,-9.00462723,56.9967003,83.6253433
1784708103669,-86.2020721,43.1460571,110.414551,-9.06466389,57.0332222,83.5084991
1784708103713,-85.8041382,43.0778465,110.25631,-9.09248257,57.0130882,83.4768295
1784708103757,-85.3596497,42.944458,109.859802,-9.13310432,57.0847626,83.4055634
1784708103802,-85.1303406,42.8044434,109.614594,-9.13227558,57.1086044,83.4235611
1784708103846,-84.9151001,42.494751,109.11454,-9.19301701,57.2057571,83.3624268
1784708103890,-84.8460922,42.1684494,108.682915,-9.25908566,57.2409477,83.2699509
1784708103934,-84.7888718,41.8312073,108.238968,-9.41545963,57.2081604,83.0437393
1784708103979,-84.6182022,41.4996758,108.031273,-9.69321156,57.1858101,82.7894974
1784708104023,-84.2895813,41.0830917,107.784912,-9.67277718,57.2646294,82.8056107
1784708104067,-84.0686188,40.6238976,107.580414,-9.56806278,57.3419838,82.9387436
1784708104111,-84.0774155,40.2460022,107.525764,-9.30961132,57.3089828,83.2393112
1784708104156,-84.203064,39.9052811,107.23925,-9.12874794,57.2963676,83.4605026
1784708104200,-84.4617691,39.6788902,106.962105,-9.01233196,57.2775917,83.5731812
1784708104244,-84.6361389,39.5068245,106.655777,-9.13224983,57.308136,83.4806824
1784708104288,-84.7432251,39.3292847,106.505013,-9.10874557,57.3331718,83.4815445
1784708104332,-84.7893143,39.0238686,106.245041,-8.93900013,57.4173088,83.5799255
1784708104377,-85.0138245,38.6431007,106.048981,-8.79650688,57.4618034,83.7715378
1784708104421,-85.2268372,38.2552872,105.611023,-8.59235001,57.4874802,83.9810181
1784708104465,-85.4621887,37.9282379,105.182404,-8.53913784,57.5239105,84.1140442
1784708104509,-85.6666107,37.7930908,104.632919,-8.42014885,57.4896927,84.1691666
1784708104554,-85.7282944,37.7618904,104.149254,-8.55208206,57.5334511,84.0404663
1784708104598,-85.6679916,37.6332321,103.581787,-8.56791306,57.6387711,83.8872528
1784708104643,-85.5953903,37.3511734,103.04908,-8.69791126,57.7013893,83.7387772
1784708104687,-85.357399,36.9390564,102.374786,-8.8061552,57.7755508,83.562149
1784708104731,-85.1685562,36.4340897,101.954033,-8.91408253,57.8636551,83.5918579
1784708104776,-84.9402924,35.876049,101.374992,-8.85298157,57.9352646,83.6753159
1784708104823,-84.6994858,35.4435768,100.851883,-8.82287407,57.9137611,83.681694
1784708104867,-84.3455963,35.1654968,100.395401,-8.89094067,57.8963242,83.6621933
1784708104912,-83.9845963,34.950222,99.9773636,-8.81513977,57.9254036,83.7160034
1784708104956,-83.7437134,34.6669731,99.6232452,-8.7658596,58.001812,83.8471298
1784708105000,-83.5498886,34.2820587,98.9729233,-8.69105339,58.1144791,83.9093781
1784708105044,-83.5187378,33.9458542,98.3091125,-8.6866169,58.1501541,83.9119415
1784708105088,-83.4708099,33.5951462,97.7384109,-8.9022398,58.1597061,83.7182083
1784708105133,-83.2908173,33.2215996,97.2798386,-8.98494053,58.1533089,83.6355057
1784708105177,-83.0087204,32.7722206,96.8245697,-8.9285965,58.1901855,83.6249008
1784708105221,-82.821907,32.3580856,96.4841614,-8.65286922,58.1989212,83.7992554
1784708105266,-82.6859512,31.8654881,96.0023193,-8.38845158,58.2995682,84.0032196
1784708105310,-82.7338562,31.2782097,95.3886337,-8.15112686,58.4248238,84.2150192
1784708105354,-82.8301926,30.6659718,94.7712173,-8.11075592,58.4674225,84.2624893
1784708105398,-82.7747421,30.0925713,94.1954422,-8.201931,58.5052338,84.194519
1784708105443,-82.7501068,29.6878872,93.9857407,-8.14147282,58.4441299,84.3228912
1784708105487,-82.6074066,29.275753,93.5253525,-7.99326801,58.4946632,84.4498138
1784708105532,-82.6602859,28.9708977,93.1382446,-7.87234497,58.501152,84.5544739
1784708105576,-82.7795639,28.705759,92.6907272,-7.88205147,58.4965897,84.5665359
1784708105620,-82.9210205,28.5457668,92.213356,-7.99668503,58.4878044,84.5389709
1784708105667,-82.989769,28.5916958,91.8275986,-8.09062958,58.430706,84.4634476
1784708105712,-82.8879166,28.8519382,91.4894791,-8.21622086,58.3744507,84.2342834
1784708105756,-82.6031265,29.095377,91.2058716,-8.53622437,58.3951645,83.8010788
1784708105800,-82.2606125,29.1654224,91.0848999,-8.71232033,58.4087944,83.5581818
1784708105844,-81.7996826,28.9860821,90.8110428,-8.81830788,58.4526901,83.4710236
1784708105889,-81.310051,28.7677956,90.3780441,-8.99436092,58.5129166,83.3193817
1784708105933,-80.8404236,28.637373,89.9680557,-9.24604988,58.53582,83.0912552
1784708105982,-80.2964706,28.6610355,89.6928711,-9.56686115,58.5013542,82.7122574
1784708106026,-79.6006241,28.6606979,89.6111984,-9.87211418,58.4515038,82.4136124
1784708106071,-78.8413696,28.6133156,89.7524872,-10.0042048,58.4024162,82.355896
1784708106115,-77.9622574,28.4810696,89.9686279,-10.1416388,58.3987846,82.3468475
1784708106160,-77.0218735,28.2611332,89.9548187,-10.1381712,58.4616089,82.3214111
1784708106204,-76.161644,27.9336147,89.864212,-10.2925692,58.5026741,82.1278
1784708106249,-75.4492111,27.6619759,89.9145889,-10.4876556,58.4057999,81.8905716
1784708106293,-74.6616669,27.4613914,90.0305023,-10.7578173,58.321312,81.5753403
1784708106338,-73.7038803,27.3183117,90.3513107,-10.9464302,58.242836,81.3628464
1784708106384,-73.7038803,27.3183117,90.3513107,-10.9464302,58.242836,81.3628464
1784708106433,-73.7038803,27.3183117,90.3513107,-10.9464302,58.242836,81.3628464
1784708106482,-73.7038803,27.3183117,90.3513107,-10.9464302,58.242836,81.3628464
1784708106531,-68.3252335,26.1056004,89.8011627,-10.9804859,58.8188629,80.865799
1784708106577,-67.4604416,26.1774635,90.5040741,-11.1848049,58.6706047,80.5839996
1784708106623,-66.4702759,26.2413635,91.4838409,-11.5136747,58.4358635,80.2689896
1784708106668,-66.4702759,26.2413635,91.4838409,-11.5136747,58.4358635,80.2689896
1784708106718,-66.4702759,26.2413635,91.4838409,-11.5136747,58.4358635,80.2689896
1784708106767,-62.4808159,26.4579792,93.9042892,-10.8019466,57.571312,80.7559662
1784708106812,-61.2246056,26.1907215,94.5517426,-11.2992954,57.4170723,80.4283981
1784708106856,-59.646595,25.5732117,94.8280258,-11.4655476,57.736721,79.5039825
1784708106902,-58.2978516,25.0617809,95.5068512,-11.7668371,57.6772614,79.2634735
1784708106948,-56.9067421,24.3302803,96.1466751,-11.9216557,57.6262779,79.1277618
1784708106993,-55.4014511,23.4674358,96.5571213,-11.9545078,57.6007462,79.1152267
1784708107039,-53.9972382,22.6890316,96.8239594,-11.6680241,57.5966568,79.3381729
1784708107085,-52.5846596,21.9179134,96.5449829,-11.709343,57.7961769,79.3582382
1784708107130,-51.6492424,21.349884,96.7247467,-11.5137491,57.8016434,79.4862289
1784708107173,-50.8854752,20.8542061,96.89151,-11.4894447,57.7885628,79.4019394
1784708107217,-50.1811523,20.468708,97.1406021,-11.5407276,57.6793823,79.2529984
1784708107260,-49.3798294,20.2177944,97.514595,-11.6161747,57.630909,79.0776367
1784708107304,-48.5301094,20.0583572,97.9127426,-11.5035954,57.5784111,79.1091919
1784708107348,-47.7474785,19.958477,98.4499512,-11.4418077,57.4779892,79.1154404
1784708107392,-46.9645729,19.9715481,98.968071,-11.332016,57.3860588,79.1470718
1784708107435,-46.2034531,20.0618362,99.532074,-11.2890768,57.3150406,79.1237335
1784708107479,-45.3364677,20.13451,100.080345,-11.2908068,57.288166,79.0498428
1784708107523,-44.4223785,20.1228409,100.551682,-11.2028437,57.2827759,79.0366364
1784708107567,-43.5991554,20.1300125,101.120399,-11.0608749,57.2155342,79.064209
1784708107611,-42.7639618,20.1399784,101.494499,-11.1031713,57.2126007,78.9278793
1784708107654,-41.9361191,20.2011719,101.930916,-11.1299515,57.1364555,78.7786331
1784708107700,-40.9940567,20.3108959,102.257294,-11.3304253,57.0859909,78.5066833
1784708107744,-39.9476929,20.4275684,102.471153,-11.6109457,57.1138115,78.2011948
1784708107787,-38.9484596,20.5520077,102.664528,-11.6500263,57.1427498,78.0888977
1784708107831,-38.0785637,20.694521,102.893272,-11.6711216,57.1162491,77.9439316
1784708107875,-37.2146873,20.8671188,102.953606,-11.8199377,57.089798,77.6922379
1784708107918,-36.3055954,21.0086765,103.01329,-12.0688343,57.1391029,77.3678436
1784708107962,-35.3670769,21.0796413,103.076157,-12.2217512,57.2120361,77.177681
1784708108006,-34.5035667,21.0931225,103.220886,-12.3136177,57.2380524,77.0462799
1784708108050,-33.7008171,21.1616459,103.303467,-12.3088446,57.196804,76.9700012
1784708108093,-32.9599266,21.4269638,103.438194,-12.34342,57.1513252,76.8393173
1784708108137,-32.3706856,21.81884,103.672752,-12.1733809,57.0342865,76.9479141
1784708108181,-31.7757339,22.0226173,103.824081,-12.2670326,57.1182747,76.824852
1784708108226,-31.1737423,22.0286846,103.966499,-12.2025709,57.2172394,76.8453522
1784708108270,-30.6814594,21.8666897,104.046371,-11.9965115,57.2711411,77.0398788
1784708108315,-30.3273621,21.6836166,104.098442,-11.7723894,57.2600937,77.2440414
1784708108359,-30.0132198,21.4756508,104.146561,-11.6894455,57.2623024,77.3618164
1784708108404,-29.6555042,21.1899967,104.12841,-11.6218681,57.3004837,77.3671494
1784708108451,-29.2802715,20.9200516,104.121063,-11.5723038,57.2931442,77.3277283
1784708108496,-28.9240875,20.716013,104.177017,-11.5194407,57.3011856,77.2404099
1784708108540,-28.5198269,20.37117,104.173378,-11.5288601,57.3712006,77.1213303
1784708108585,-28.0663395,19.8085289,104.259583,-11.6871386,57.3407745,76.9516602
1784708108630,-27.4074097,19.1778965,104.341675,-11.8872547,57.2018127,76.7599945
1784708108675,-26.4435253,18.6975689,104.44767,-11.9864187,57.1214142,76.6783981
1784708108720,-25.3155384,18.3130608,104.454498,-12.1449957,57.1753998,76.414566
1784708108764,-24.2050381,18.0943966,104.658127,-12.1580496,57.111805,76.2954865
1784708108807,-23.1553555,17.8290958,104.742081,-12.1417322,57.1135025,76.1942978
1784708108851,-22.2818394,17.4701366,104.786125,-12.1151009,57.0970879,76.0926285
1784708108894,-21.5827312,17.1056824,104.777718,-12.2299175,57.0410309,75.9087143
1784708108938,-20.8705997,16.8794479,104.857719,-12.4019003,56.9881325,75.7589951
1784708108981,-20.1185169,16.6492901,104.958145,-12.5650911,56.9764366,75.6027908
1784708109024,-19.2750568,16.4983311,105.065849,-12.6800613,56.9095078,75.4416809
1784708109067,-18.3091145,16.3470402,105.235878,-12.7625408,56.89785,75.2728348
1784708109111,-17.2938137,16.1394787,105.449211,-12.7118797,56.8892746,75.1891251
1784708109154,-16.4408436,15.8304415,105.680573,-12.4881926,56.873455,75.2805786
1784708109197,-15.7900314,15.5584955,105.851341,-12.4156551,56.8335991,75.280304
1784708109240,-15.1665192,15.3803911,106.110413,-12.4866343,56.807621,75.1547089
1784708109284,-14.3866081,15.2639265,106.427193,-12.6415758,56.7983971,74.989151
1784708109327,-13.4794979,15.1367216,106.826378,-12.7624149,56.7677002,74.7756119
1784708109370,-12.4925728,15.0914602,107.427071,-12.8845301,56.5988808,74.4967957
1784708109413,-11.3377132,15.3905525,108.77179,-12.9533482,56.1913033,74.2365875
1784708109458,-9.91710949,15.7914743,109.417282,-13.1713638,55.9804153,74.2549515
1784708109502,-8.52767754,16.1116982,110.440254,-13.1925268,56.0548782,73.8590622
1784708109547,-7.16498756,16.20858,111.157433,-13.4038181,55.8872757,73.9037933
1784708109592,-5.78113508,16.257534,112.059555,-13.6728745,55.7039261,73.6061096
1784708109636,-4.25532961,16.4211655,113.127014,-13.8885202,55.4962273,73.2698822
1784708109681,-0.263017714,18.8745022,136.595352,-14.7904091,49.0460243,74.8738937
1784708109727,-0.263017714,18.8745022,136.595352,-14.7904091,49.0460243,74.8738937
1784708109776,3.46207929,18.8512363,136.531113,-14.4301729,49.6794548,74.1100006
1784708109822,2.3859098,16.4018517,116.100311,-14.4854469,55.4514542,72.117836
1784708109867,3.72352386,16.0557442,116.656448,-14.5839567,55.438961,71.9538574
1784708109911,5.02462149,15.7696352,117.258072,-14.7578182,55.3391457,71.7231369
1784708109956,6.34933233,15.5427685,117.802437,-14.9088812,55.2922821,71.4818115
1784708110001,7.57430696,15.2565975,118.409988,-14.9318504,55.2643089,71.2938309
1784708110045,9.22869492,16.0538197,126.358871,-11.0136261,53.5903282,73.9515533
1784708110090,10.0119114,15.5709686,125.270088,-11.8694153,53.9451447,73.4514999
1784708110134,10.4192429,14.8468971,121.498207,-14.0360355,54.5633621,72.4010696
1784708110179,11.2159891,14.5769548,120.683601,-15.2259693,55.0521851,71.167572
1784708110224,11.7293177,14.5476732,122.492325,-14.1443348,54.3778877,72.5334396
1784708110268,12.0989151,14.181015,123.140388,-15.5984507,54.237812,71.7577744
1784708110312,12.2804804,13.8321104,123.330429,-15.6672535,54.3594856,71.4191666
1784708110357,12.4903231,13.6506529,124.396111,-14.6332884,54.7524643,71.3427658
1784708110400,12.6847773,13.8086758,124.677856,-14.9964647,54.6760635,71.3641281
1784708110444,12.9615135,14.4420099,128.435059,-13.1141138,54.2926178,71.7785568
1784708110488,12.4329967,14.4704885,125.196747,-14.9108095,54.9098167,71.1301575
1784708110533,12.9039593,15.6854086,129.784805,-12.041049,54.5709991,72.6105957
1784708110577,13.3378468,16.5244179,131.915131,-11.2238255,54.4495277,72.6887207
1784708110621,13.2979603,16.290699,127.666122,-14.8318892,54.0433884,71.7922134
1784708110666,14.3026676,17.3539772,132.834045,-11.6388502,54.4436073,72.4942551
1784708110711,14.6424742,17.2283802,129.606003,-14.5236464,54.7380981,71.2416077
1784708110755,16.0237541,18.8331146,135.384064,-11.2754879,54.0330544,72.1012192
1784708110799,15.9522867,18.3699551,130.553055,-14.671298,54.7427177,71.3517838
1784708110843,16.4583454,18.8467064,131.959427,-14.2631454,54.5223846,71.7486725
1784708110886,16.810709,18.9698143,132.949387,-13.8798523,54.632267,71.7048874
1784708110929,16.9609032,18.7736702,133.259079,-13.7888222,54.6562576,71.5556564
1784708110973,17.0773621,18.5349922,132.766678,-14.4121132,54.5220222,71.3945007
1784708111016,17.0235958,18.1752052,131.211914,-14.4612885,55.1093788,71.1163254
1784708111060,17.3902569,18.4049625,132.82373,-13.933322,54.7055054,71.7805481
1784708111103,17.5388374,18.4671574,132.897202,-13.6270094,54.7728157,72.0943527
1784708111147,17.5217533,18.55583,132.949066,-13.5116558,54.7726936,72.3601761
1784708111190,17.3558693,18.6968689,133.077484,-13.5031948,54.6997337,72.5637207
1784708111234,16.7862434,18.9811077,132.433914,-12.867672,54.4873772,73.0436859
1784708111277,16.546526,19.582058,134.008224,-13.6125288,54.3083115,72.8526535
1784708111322,15.9276466,19.8289642,132.616486,-13.1036215,54.5286369,72.7833862
1784708111366,15.7172136,20.4412537,132.789612,-13.1773634,54.3455963,72.8757172
1784708111410,15.9150038,20.9805737,133.883743,-13.2879953,54.9305801,72.5112076
1784708111454,15.9349966,21.685339,134.022797,-12.2186708,54.4889107,73.587204
1784708111499,15.8821955,22.3132629,134.4897,-11.8395977,54.4011726,73.9888153
1784708111543,15.6504726,23.0330658,135.165787,-11.2190256,54.6417465,74.3229065
1784708111588,15.2537127,23.3833866,133.895737,-12.0477533,55.7268066,73.0752106
1784708111632,14.8863535,23.8655567,134.001816,-12.0390196,55.8273621,73.0875778
1784708111677,14.545619,24.0597191,134.151321,-12.0502672,55.8851166,73.0273361
1784708111722,14.3615246,24.1296101,133.930191,-12.2595158,55.8916588,72.8099899
1784708111766,14.4833212,24.1662407,133.792084,-12.3554859,55.8875656,72.7769165
1784708111811,14.7510862,24.2452564,133.947784,-12.2200127,55.8469658,72.9027176
1784708111856,15.1220169,24.3107567,133.991959,-12.301981,55.765583,72.8864594
1784708111900,15.5463772,24.3921547,134.009384,-12.3757286,55.7011566,72.7910919
1784708111945,15.9619751,24.4908085,133.993774,-12.4624796,55.7429924,72.6076889
1784708111991,16.5051327,24.3901253,133.852142,-12.7181158,55.8286209,72.2859726
1784708112036,17.2703896,24.1619434,133.63591,-13.0938082,55.8436203,71.8977737
1784708112080,19.1712532,24.7724304,138.44548,-11.8718328,54.6279221,72.4211121
1784708112125,19.8258133,23.6705379,135.200012,-12.8046789,55.4583168,72.1008759
1784708112168,20.7671814,22.8597469,133.934341,-13.7463188,55.4883728,71.6430511
1784708112211,21.4578552,22.0214615,133.396744,-14.0860634,55.4969559,71.115654
1784708112255,22.0672054,21.2845573,132.697342,-14.5650291,55.5061531,70.5209579
1784708112299,22.9587059,20.8549843,132.579254,-14.3623791,55.7836266,70.0035172
1784708112342,24.1594219,20.554985,133.257339,-14.2364054,55.6310654,70.1166229
1784708112386,25.3638306,20.0343151,133.324722,-14.2741413,55.6114845,70.0375137
1784708112429,26.6959248,19.4822159,133.587219,-14.4272079,55.4538612,69.9799576
1784708112474,27.9306831,19.0142365,133.53392,-14.4134865,55.4169807,69.8475647
1784708112519,29.146883,18.7211475,133.480423,-14.4712009,55.3939209,69.7389679
1784708112563,30.3375835,18.4557648,133.314255,-14.5468884,55.4494553,69.6156845
1784708112608,22.173048,15.9806204,109.939018,-2.95715189,63.5999146,76.2159271
1784708112653,32.7512589,18.3402042,133.070145,-14.5012636,55.4546928,69.4964752
1784708112697,33.7666245,18.353281,132.990372,-14.4744644,55.5004997,69.3878632
1784708112742,34.5079689,18.1476974,132.469589,-14.3150587,55.7877731,69.107666
1784708112785,35.3156509,17.866724,132.204773,-14.4304733,55.8646507,68.7297668
1784708112829,36.2950974,17.4817085,132.074478,-14.4809399,55.8948975,68.4249344
1784708112872,37.4888458,17.3012486,132.115402,-14.6423569,55.7295837,68.3870392
1784708112917,38.8693924,17.2834034,131.958084,-14.5706768,55.8304901,68.3744202
1784708112961,40.182373,16.9660892,131.671555,-14.3725252,56.1135902,68.331337
1784708113005,41.6164131,16.5083542,131.839706,-14.4322748,56.0619812,68.2201843
1784708113048,43.0462952,16.0557117,131.640961,-14.5174589,56.0699959,67.854248
1784708113091,44.7763214,15.8740673,132.227615,-14.593832,55.7755394,67.7878265
1784708113134,44.7763214,15.8740673,132.227615,-14.593832,55.7755394,67.7878265
1784708113183,48.077034,15.7352962,132.428131,-14.4389791,55.7686005,67.637146
1784708113232,49.7359924,15.3388214,132.621368,-14.9946976,55.8847885,67.282814
1784708113275,51.2323761,14.8484364,133.047073,-15.1331224,55.7985153,66.9636917
1784708113318,52.6079636,14.2415733,133.277939,-15.349535,55.7443085,66.5689316
1784708113360,53.8969269,13.769125,133.337158,-15.3905811,55.7468376,66.3564453
1784708113403,55.1483345,13.4487448,133.495972,-15.4702854,55.6410446,66.1641617
1784708113446,56.1554527,13.1397371,133.478775,-15.4432764,55.7522621,66.1100311
1784708113489,56.9434128,12.8924694,133.522247,-15.4275551,55.779026,66.0590515
1784708113531,57.623703,12.6682634,133.509399,-15.3031139,55.8661232,66.0690613
1784708113574,58.1958885,12.602725,133.369476,-15.1094484,55.9124794,66.1496964
1784708113617,58.6629257,12.8153553,133.362595,-14.7954073,56.0188751,66.3456573
1784708113659,58.9475975,13.2088013,133.181915,-14.5260353,56.2440643,66.470108
1784708113702,59.1203079,13.5784636,133.212814,-14.2817736,56.5097542,66.4998322
1784708113745,59.1734581,13.6170492,133.141479,-14.1429596,56.8312874,66.4642487
1784708113788,59.2998428,13.4209709,132.87471,-13.8514681,56.9394569,66.5562515
1784708113830,59.6341476,13.3467512,132.781296,-13.567399,56.9708939,66.6974487
1784708113873,60.031311,13.470418,132.704239,-13.2247982,57.0511475,66.9857864
1784708113916,60.4532928,13.533741,132.774445,-13.0332642,57.1851311,67.1208649
1784708113958,60.8495598,13.4370518,132.562973,-13.044733,57.2824669,67.0641098
1784708114001,61.333786,13.2798662,132.379028,-12.9670296,57.3856392,67.0471878
1784708114044,62.0144844,13.145668,132.404861,-13.0890856,57.3735733,66.7835464
1784708114086,62.8848915,13.0456572,132.31813,-13.2524443,57.3397751,66.5725403
1784708114129,63.8904686,13.1626883,131.937042,-13.1851482,57.4233093,66.5113831
1784708114172,65.0038834,13.63482,131.836395,-13.0075998,57.5062256,66.5755157
1784708114214,65.8189697,14.2245588,131.653122,-12.921258,57.7364388,66.674469
1784708114257,66.2052383,14.5452194,131.371552,-12.8698015,58.0323486,66.7720413
1784708114300,66.3772507,14.4370823,131.251541,-12.8267031,58.1757393,66.7197723
1784708114343,66.6895828,14.1098719,131.095093,-12.9082403,58.21278,66.4288254
1784708114385,66.9137039,13.7308693,130.600433,-12.8502235,58.2720184,66.3468704
1784708114428,67.3363647,13.4739513,130.268204,-12.7768507,58.3098869,66.2179337
1784708114471,67.6924515,13.3552465,129.841629,-12.5926781,58.3942604,66.2689514
1784708114514,67.958046,13.1727133,129.594559,-12.4948244,58.4550018,66.2485809
1784708114556,68.1774292,12.75457,129.429062,-12.3578758,58.4769325,66.2409363
1784708114599,68.5618362,12.4048281,129.107788,-12.2591038,58.4579735,66.1802826
1784708114642,69.0063782,12.2898483,128.187531,-11.8027811,58.6225204,66.4843826
1784708114684,69.7017975,12.4180136,127.66291,-11.4131098,58.8771591,66.7476044
1784708114732,69.9731598,12.4276876,127.242172,-10.5229607,59.1102333,67.5458755
1784708114775,70.1251297,12.0752335,126.972839,-10.566762,59.1773987,67.4119873
1784708114817,70.5591125,11.5375233,126.298065,-9.88768291,59.3130074,67.9373474
1784708114860,70.6288071,11.1386986,125.688538,-9.00671959,59.3777046,68.6084061
1784708114903,70.2359772,10.8570204,125.297096,-8.45770836,59.4205856,68.977211
1784708114945,69.520462,10.7319241,124.966255,-8.25918961,59.485527,68.9754028
1784708114988,68.9152145,10.5341129,124.580704,-8.1739254,59.4777718,68.8856201
1784708115030,68.6354904,10.4467554,123.764351,-8.00965214,59.6927185,68.8310623
1784708115073,68.8303375,10.1120949,122.913689,-7.3296299,59.9713707,69.2403107
1784708115116,68.9981613,9.71324635,122.047607,-6.3595767,60.0376091,70.1406174
1784708115158,69.0403976,9.54522133,121.264656,-5.62899208,60.1782112,70.7787781
1784708115201,68.9641113,9.25980282,120.64782,-5.24596739,60.2497444,70.942421
1784708115243,68.9120407,9.38602448,120.32547,-5.02432346,60.1612625,70.9997787
1784708115287,69.0937881,10.0521383,120.339348,-4.95400286,60.0497894,71.0256271
1784708115329,69.3622208,10.923542,120.023376,-4.83690453,60.242218,71.142395
1784708115372,69.8575516,11.7655983,119.516151,-4.66666412,60.5840149,71.2812576
1784708115415,70.3752365,12.3109818,119.137505,-4.13608313,60.8486366,71.8645859
1784708115458,70.6397552,12.725667,118.981331,-3.77605891,60.9727745,72.356636
1784708115500,70.655014,12.9612436,118.736046,-3.60122967,61.0427361,72.7388153
1784708115543,70.8122711,12.9825754,118.681213,-3.57799244,61.0453339,73.0489426
1784708115586,70.679245,12.7739563,118.731255,-3.29831719,60.8344917,73.7689056
1784708115628,70.52491,12.5686913,118.84304,-3.53974414,60.5312805,73.805275
1784708115671,83.6240158,13.5802622,139.817032,-59.3891983,51.9225845,48.8834877
1784708115713,71.2190628,8.84858227,117.558716,-3.39491701,59.5478783,74.3902893
1784708115757,82.8175507,13.3914967,138.612457,-54.6214561,49.9477119,51.8379478
1784708115800,70.2823486,14.3201323,118.612289,-5.290277,59.5266418,73.2353668
1784708115843,69.8640366,14.093874,117.448219,-3.92581344,60.5746536,73.7964706
1784708115886,69.8640366,14.093874,117.448219,-3.92581344,60.5746536,73.7964706
1784708115935,67.2007141,16.1769562,118.354301,-4.42907429,61.1785545,72.9907761
1784708115978,65.6929703,14.5956392,118.736053,-4.91827822,60.5977478,72.4176788
1784708116021,64.6353683,12.6201611,118.961685,-5.20252037,59.6807365,72.2035522
1784708116069,64.6353683,12.6201611,118.961685,-5.20252037,59.6807365,72.2035522
1784708116118,63.5884705,8.48067379,117.757126,-4.6369338,57.907711,72.9275513
1784708116162,63.0538483,7.46796608,117.156715,-3.96106768,57.5139503,73.506813
1784708116205,62.3804512,7.20915842,117.202942,-3.64396548,57.2176933,73.8985596
1784708116248,61.5864792,7.1565814,116.995911,-3.7911737,57.2867508,73.7701492
1784708116291,60.925972,6.74369812,116.773369,-3.75690484,57.2475739,73.7990189
1784708116333,60.299408,6.25347376,116.48851,-3.68089795,57.0775337,73.8357697
1784708116376,59.7337494,5.6037221,116.217804,-3.57831001,56.8537598,74.0672531
1784708116419,59.1933517,5.0628171,115.850014,-3.49599576,56.6622925,74.1746216
1784708116462,58.4502487,4.4546876,115.921959,-3.10362315,56.3920174,74.4715652
1784708116505,57.4318542,4.49297142,116.362488,-3.44078112,56.1503944,74.0367584
1784708116548,56.2706604,4.44931221,115.884659,-3.93937445,56.3422623,73.6546173
1784708116591,55.8062248,4.50345325,116.097527,-4.20957041,56.0304489,73.6900024
1784708116634,55.0932884,4.41839552,115.732765,-4.2246089,56.196209,73.7910614
1784708116677,54.5339394,4.06121588,116.02327,-4.26707506,55.9480095,73.8800278
1784708116720,53.7140045,3.71059942,115.769501,-4.27084064,55.8459969,73.6531067
1784708116763,53.1181259,3.62471724,116.128242,-4.30241776,55.4427643,73.6837234
1784708116807,52.1768112,3.95112991,116.176331,-4.24001503,55.3287964,73.8091049
1784708116850,51.1861305,4.52535534,116.50116,-4.51917219,55.3367348,73.7556992
1784708116893,50.3837471,4.94673395,116.887718,-4.73470259,55.263607,73.836441
1784708116936,49.6246147,5.28140879,117.095222,-4.76330566,55.2142906,73.8914642
1784708116979,48.6270943,5.7388339,116.930511,-4.81607628,55.3733521,73.7773514
1784708117022,47.8995857,6.13794231,117.47538,-4.99542189,55.2230988,73.6648865
1784708117066,47.1573067,6.35949087,117.378418,-4.9328475,55.1714287,73.705513
1784708117109,46.4008675,6.92959976,117.56102,-4.76937389,55.0480156,73.9393463
1784708117152,45.3101006,7.74236584,117.966095,-4.81640291,55.2159691,74.1350632
1784708117198,45.3101006,7.74236584,117.966095,-4.81640291,55.2159691,74.1350632
1784708117248,45.3101006,7.74236584,117.966095,-4.81640291,55.2159691,74.1350632
1784708117305,40.7544937,10.8826332,118.482262,-5.6897893,55.5811043,73.0328369
1784708117349,39.4820557,11.7141008,118.569717,-5.95124912,55.5481491,72.8134079
1784708117393,38.5466843,12.5799665,118.776924,-5.91714239,55.5002975,72.9708023
1784708117437,37.9351997,13.4437551,119.278862,-5.8525548,55.3699684,73.3894424
1784708117482,37.9351997,13.4437551,119.278862,-5.8525548,55.3699684,73.3894424
1784708117532,36.1732292,15.82967,119.941605,-5.33379507,55.5499573,73.7001114
1784708117576,35.1890526,16.7010937,120.220589,-5.11056852,55.7987976,73.8451691
1784708117620,34.0434036,17.3923912,120.861992,-4.89225721,55.6520767,74.1002808
1784708117664,32.5060158,18.2854996,121.519608,-4.84786701,55.6897659,74.365921
1784708117708,32.5060158,18.2854996,121.519608,-4.84786701,55.6897659,74.365921
1784708117757,30.2066078,21.2699375,123.884705,-5.5540657,55.0466881,74.3891373
1784708117800,29.5027828,22.6560688,125.370346,-5.23951721,54.9034004,74.5143585
1784708117843,29.0228863,23.9742393,126.43634,-5.52445364,54.5764694,74.497139
1784708117887,29.3714485,25.7760906,129.579544,-4.91151953,53.882412,74.4347534
1784708117931,27.7262115,25.6906166,126.096748,-5.81353664,55.276577,74.1111374
1784708117975,27.0582123,26.2927475,126.56498,-6.07691383,55.1845779,73.9950256
1784708118020,26.4014397,26.8386822,126.949715,-6.3418045,55.1853333,73.9268341
1784708118064,25.7986584,27.3250237,127.155243,-6.56953573,55.2328033,73.8462219
1784708118109,25.217268,27.6504173,127.200188,-6.82600546,55.3042068,73.6846008
1784708118153,24.7282848,27.9954548,127.356949,-7.03576756,55.2474327,73.4085159
1784708118198,24.3149204,28.6008644,127.111069,-7.31845856,55.3334312,73.1128235
1784708118243,23.9279308,28.9588909,126.828499,-7.25382853,55.7360229,73.084137
1784708118286,23.4616489,29.4601593,127.20224,-7.16165113,55.5638618,73.3855286
1784708118330,22.6872997,29.8131714,127.163155,-6.99267626,55.7669907,73.5340042
1784708118373,21.8107224,30.4507999,127.652733,-6.92855406,55.5133133,73.761528
1784708118418,20.7932301,31.2019405,127.851944,-7.00177813,55.5376472,73.6812744
1784708118463,19.8114319,32.0275574,128.141006,-7.00984812,55.4809074,73.6445923
1784708118507,18.9201183,32.9764633,128.442276,-6.96155071,55.4545364,73.7615128
1784708118552,18.0574856,34.0519485,128.831329,-6.6043458,55.488018,74.1530685
1784708118596,17.0111485,35.0370483,129.304382,-6.14901876,55.6227493,74.6626968
1784708118641,15.7950401,36.0401764,130.066895,-5.8005209,55.4841423,75.1260071
1784708118685,14.4224873,37.3061409,130.805374,-5.4973731,55.4070282,75.4101105
1784708118730,13.1662693,38.5884361,131.492676,-5.63189888,55.3244972,75.3883896
1784708118775,12.2094755,39.7723923,132.193527,-5.80050325,55.2982521,75.2391586
1784708118819,11.5900469,40.7615128,133.107544,-5.93109369,55.1545334,75.2169418
1784708118864,11.1006861,41.4718704,133.102203,-5.96592617,55.4310532,75.0901108
1784708118907,10.9346523,42.2935524,133.656265,-6.06640625,55.4322281,75.1378708
1784708118950,10.9788036,43.0551643,134.047287,-6.10635614,55.4694099,75.1780167
1784708118993,11.1364279,43.6049805,134.354446,-6.25170708,55.6300201,75.0031586
1784708119036,11.5439615,43.9557419,134.676559,-6.61646509,55.6873398,74.595993
1784708119078,12.1306963,44.2324638,134.925751,-6.69775438,55.6336861,74.4835052
1784708119121,12.8187675,44.4876366,135.259979,-6.95774794,55.7338943,74.2958374
1784708119164,13.4640284,44.5422897,135.665909,-6.99208879,55.5742455,74.295578
1784708119207,14.0786915,44.7151718,136.000854,-7.07226133,55.5275536,74.2854843
1784708119250,14.7443295,45.0807381,136.521988,-7.03715611,55.2961464,74.3995972
1784708119293,15.4028921,45.1806412,136.390808,-7.13819361,55.6504936,74.2812195
1784708119336,16.0413971,45.0397224,136.520676,-6.9788084,55.7750053,74.3526154
1784708119379,16.6368637,44.8446999,136.635315,-6.81353331,55.7811165,74.4316559
1784708119422,17.3545456,44.5765381,136.614334,-6.55611086,55.7781219,74.721199
1784708119465,18.2486973,44.5156784,137.020691,-5.80094767,55.5790672,75.630455
1784708119508,18.5320911,44.0672417,136.957001,-4.82035303,55.6628571,76.5712891
1784708119551,18.450552,43.8622169,137.316727,-4.09431171,55.5495148,77.3329086
1784708119597,18.1552753,43.1413727,138.037674,-3.53935528,55.2641983,78.0794144
1784708119641,17.8255997,42.1697655,138.034637,-2.99136806,54.8694611,78.5918274
1784708119685,17.7280979,42.2676392,137.752045,-2.56231642,54.6087914,78.9620819
1784708119727,17.4707699,42.1026268,137.575745,-1.92224193,54.8576317,79.4620361
1784708119770,16.906414,42.1146088,137.560959,-1.40501332,54.4298935,79.8548965
1784708119813,16.3893185,42.6597023,137.39061,-1.32161236,54.4737854,79.9341812
1784708119856,16.0461845,43.0954361,137.156052,-1.45536065,54.5069275,79.7892914
1784708119899,16.0401421,43.7289429,136.978836,-1.60156882,54.4765358,79.6512756
1784708119942,16.4457626,44.2466736,136.690216,-1.64705932,54.6133919,79.7146072
1784708119984,16.9734325,44.7552147,136.583282,-1.49879217,54.6832466,79.8850784
1784708120027,17.3352852,44.9972343,136.578705,-1.16295326,54.7593994,80.131279
1784708120070,17.5029793,45.2028084,136.819656,-1.14567912,54.7036629,80.064682
1784708120113,17.6560631,45.2443085,136.985794,-1.38775265,54.627552,79.8533401
1784708120155,18.0356617,45.5751457,137.193146,-1.52568173,54.4959831,79.7155762
1784708120198,18.5632687,45.7659912,137.346207,-1.74666691,54.6733894,79.604866
1784708120241,19.2768211,45.6994667,137.615982,-1.72723472,54.6702499,79.6907425
1784708120284,20.0246449,45.7982101,138.27211,-1.23173106,54.4251137,80.1415024
1784708120326,20.4643993,46.1520042,139.201569,-1.00487781,54.1321831,80.2989655
1784708120370,20.7629795,46.6858215,140.130325,-0.852043152,53.9002419,80.3104324
1784708120413,21.1250267,47.3927612,141.08345,-0.897827268,53.7137299,80.2652283
1784708120456,21.6317387,48.0810699,141.972443,-0.715351105,53.6338654,80.4009857
1784708120499,21.9905109,48.8621635,142.984619,-0.220389321,53.5904198,80.7526779
1784708120541,21.9782314,49.5175667,144.139069,0.210909903,53.505497,81.0720291
1784708120584,21.7215328,50.2910194,145.095413,0.426321954,53.3983612,81.2042847
1784708120627,21.4570045,50.8936043,146.258331,0.435007423,53.4202042,81.298912
1784708120670,21.5199261,50.6077194,146.889587,0.271288067,53.6514893,81.3285522
1784708120712,22.8068485,50.0573578,148.547073,0.594443977,52.9315529,81.9416733
1784708120757,23.9088802,49.2167549,149.251968,1.84589875,52.7189331,82.8735809
1784708120800,24.8265572,48.904583,149.9646,2.61079907,52.2711639,83.3194656
1784708120843,25.1759911,49.1724854,150.793884,3.22760224,52.0937576,83.5766678
1784708120886,25.1503601,49.363575,151.463074,3.4158206,52.2436028,83.4640503
1784708120928,25.1503601,49.363575,151.463074,3.4158206,52.2436028,83.4640503
1784708120977,25.1503601,49.363575,151.463074,3.4158206,52.2436028,83.4640503
1784708121026,27.0634251,44.5380478,153.903107,3.8613441,51.3534241,83.9189682
1784708121070,27.6284142,43.0577545,153.806046,4.06090784,51.2112236,84.1100616
1784708121113,28.1331577,42.0653534,154.26004,4.31719208,50.7284889,84.4721603
1784708121155,28.6238708,41.8535309,154.49617,4.43248272,50.2966576,84.6308975
1784708121198,28.8339539,41.8785439,154.738556,4.89052868,50.2655525,84.8862991
1784708121241,28.7255249,42.1468849,154.813995,4.81870794,50.1341858,84.7115021
1784708121283,28.2375832,42.4300346,154.819885,4.95077085,50.3701744,84.6910782
1784708121326,27.7031269,42.5947113,154.746292,4.56136036,50.4063644,84.4038849
1784708121369,27.3416023,42.6469307,154.615005,4.46155882,50.5227737,84.3925858
1784708121412,27.0905342,42.6929626,154.511185,4.26643991,50.4574585,84.4215469
1784708121455,26.9126091,42.7779541,154.545044,4.22151947,50.3162041,84.4448547
1784708121498,26.7356091,42.9824104,154.326553,4.13683891,50.3408546,84.4162216
1784708121540,26.5810032,43.1824226,154.162918,4.05429411,50.3155861,84.3102722
1784708121583,26.4589405,43.5605965,153.838882,3.97847414,50.378891,84.2268143
1784708121626,26.3820629,43.8358231,153.539383,3.90654635,50.5085983,84.1751022
1784708121668,26.3454819,44.0260506,153.423187,3.95043921,50.5684738,84.1923752
1784708121711,26.2595615,44.1942902,153.336349,3.92865014,50.4878616,84.1780701
1784708121754,26.1345177,44.5318527,153.29718,3.97200251,50.3889084,84.2447128
1784708121797,25.9085827,45.1708145,153.32753,3.88978958,50.2575073,84.2037125
1784708121840,25.8936157,45.9921303,153.396927,3.6520927,50.1886597,84.0259018
1784708121882,26.0104332,47.0764008,153.319885,3.5301373,50.217762,83.9829254
1784708121925,26.05476,47.9132462,153.357956,3.59175873,50.4862213,84.0272446
1784708121968,25.8747005,48.419838,153.578766,3.80717278,50.5389175,84.2321701
1784708122011,25.3373318,48.7965965,153.964371,4.05373859,50.4589005,84.4313278
1784708122054,24.6964684,49.4818459,154.521942,3.91363049,50.160614,84.3437195
1784708122097,24.1164894,50.2223015,154.609894,3.72943211,50.2342339,84.2443161
1784708122139,23.6928501,51.1337471,154.983093,3.67754936,50.1863136,84.3385162
1784708122182,23.1620693,52.0128174,155.384552,3.85818076,50.2502022,84.5044403
1784708122225,22.4790268,52.7125511,155.699234,3.91155267,50.336174,84.5261536
1784708122268,21.7775269,53.2441826,156.049255,3.83266783,50.4320526,84.4313889
1784708122310,21.1613293,53.5151138,156.481064,3.76529121,50.385643,84.4817047
1784708122353,20.6245747,53.5441055,156.614594,3.74208927,50.3658562,84.6453552
1784708122396,20.2372437,53.6844749,156.800964,3.71198678,50.2476883,84.8096466
1784708122439,19.7932167,53.9093437,157.018112,3.95711327,50.2404938,84.9761429
1784708122482,19.1455822,54.3149719,157.151825,4.00936222,50.1430206,84.9152679
1784708122524,18.5467529,54.7428818,157.12648,3.82147527,50.3155365,84.7829208
1784708122567,18.1270409,54.728775,157.199814,3.63584399,50.4900208,84.8428802
1784708122609,17.8360863,54.2201691,157.352966,3.55207157,50.5140877,84.9848099
1784708122652,18.0279827,53.6805458,157.54982,3.74336886,50.3015633,85.2799759
1784708122695,17.9028549,53.1031227,157.881134,4.02606249,49.9598351,85.5724258
1784708122737,17.8545532,53.4253807,158.208374,4.18554926,49.3967094,85.7246552
1784708122780,17.658493,53.9814339,158.226913,4.31979942,49.3972588,85.8218918
1784708122823,17.4793282,54.3574905,158.040695,4.19047737,49.631546,85.7745285
1784708122866,17.4979153,54.198822,157.802734,4.02918625,49.8928719,85.6260147
1784708122908,17.6939259,54.2261391,157.59433,4.03758383,49.7115364,85.5452423
1784708122951,17.9536171,54.2346992,157.340652,4.00044632,49.815979,85.5834427
1784708122993,18.1794834,53.8224449,156.868469,3.97264409,49.9241447,85.6942596
1784708123036,18.4509602,53.6502686,156.568954,3.98698092,49.6594887,85.7117538
1784708123079,18.7116718,53.3951836,156.121429,3.97796154,49.784771,85.678978
1784708123122,18.8158092,53.4208412,155.785233,4.11899614,49.5495453,85.6212006
1784708123164,18.7608776,53.8189774,155.395996,4.10863924,49.5375366,85.5811844
1784708123207,18.5994549,54.4256935,154.988281,4.07357407,49.5973167,85.4873352
1784708123250,18.347332,54.8676453,154.639435,4.03566074,49.834198,85.3814163
1784708123293,18.1033878,55.2442474,154.415588,3.9500525,49.8030586,85.3131027
1784708123335,17.9253712,55.401165,154.155533,3.94731355,49.9175606,85.3704147
1784708123378,17.7742043,55.2836189,153.716415,3.97337079,49.9112816,85.4937286
1784708123421,17.7407303,55.3231659,153.418091,4.0384078,49.8332748,85.5768509
1784708123463,17.7224693,55.2958145,152.935425,4.12381744,49.8019905,85.6498337
1784708123506,17.7084198,55.3354301,152.183365,4.14881134,49.9434471,85.7329407
1784708123548,17.7658997,55.3011742,151.644608,4.210145,50.0739594,85.8081284
1784708123591,17.7461414,55.0280724,151.099915,4.37969637,50.1596184,86.0387268
1784708123634,17.5955944,54.855217,150.666809,4.48282862,50.1719093,86.0685501
1784708123676,17.4972839,54.2148895,150.154541,4.30738258,50.3814774,86.0119705
1784708123719,17.8549423,53.3843422,149.493073,3.83751917,50.248127,85.8558731
1784708123762,18.4987984,53.0590019,149.328232,4.63114214,50.0780983,86.4666138
1784708123804,18.6701336,52.8922119,149.063538,4.73617697,49.7182159,86.519104
1784708123847,19.0017586,52.8967018,148.658447,4.63449764,49.8893242,86.3979034
1784708123890,19.3160019,52.5087242,148.340164,4.71140051,49.9737015,86.5024414
1784708123933,19.6675949,52.0195618,148.156448,4.70609713,49.8966713,86.5750351
1784708123976,20.2253723,51.6289673,148.089447,5.02802992,49.7075462,86.7606583
1784708124018,20.4666157,51.6733856,148.108719,5.37919807,49.383461,86.9645538
1784708124061,20.4801121,51.9004745,148.095169,5.48451519,49.3371124,87.0317688
1784708124104,20.5129776,51.9656258,147.902069,5.38553047,49.4008713,87.0311432
1784708124147,20.6457787,51.8683357,147.71701,5.32471848,49.4898529,87.0366669
1784708124189,20.7338829,51.4865532,147.522766,5.51633167,49.5571518,87.1934433
1784708124232,20.7707062,51.1622124,147.289917,5.55337524,49.4482384,87.247879
1784708124275,20.8152561,50.8852196,147.059799,5.7458353,49.4600258,87.3664703
1784708124318,20.5905972,50.6612511,146.907791,5.94532967,49.3452148,87.5278015
1784708124361,20.2655697,50.4377975,146.596756,5.88668013,49.4431305,87.5030975
1784708124404,20.0055065,50.1912651,146.259338,5.70026159,49.4741821,87.3332672
1784708124446,19.9801617,50.161129,145.969147,5.40276718,49.455719,87.0541916
1784708124489,20.1593513,50.3362885,145.685211,5.32545853,49.4827766,86.9309464
1784708124532,20.2194252,50.5128441,145.55719,5.65326118,49.579731,87.1433029
1784708124575,19.8703728,50.7264557,145.617905,5.87447739,49.5019913,87.3513107
1784708124618,19.3709259,51.0641632,145.667603,5.78291273,49.5788078,87.2808075
1784708124661,18.8445415,51.1585007,145.750565,5.64883423,49.5929642,87.1762466
1784708124703,18.4002724,51.4090271,145.734512,5.32037973,49.4605179,87.0754776
1784708124746,18.1509781,51.5289803,145.718201,5.24751616,49.5832291,87.0227966
1784708124789,18.0137806,51.7290611,145.676346,5.10500669,49.4412575,86.9227829
1784708124832,17.9785976,51.7916565,145.56311,5.15316534,49.6164169,86.9700546
1784708124874,17.9625168,51.8179588,145.491989,5.10614777,49.4666862,87.0335693
1784708124917,18.0317593,51.8495331,145.246902,5.03403521,49.6069374,87.0177612
1784708124960,18.2137775,51.8609085,145.137268,4.94222212,49.5767479,86.9241943
1784708125003,18.4672546,51.8940125,145.012009,4.84390879,49.6223335,86.826973
1784708125046,18.7976837,51.8824959,144.914337,4.75362968,49.5437431,86.7486115
1784708125088,19.0955219,51.8568459,144.725693,4.63659525,49.5918579,86.5955658
1784708125131,19.4555111,51.6204529,144.499252,4.34321213,49.6917534,86.3427048
1784708125174,19.895752,51.3457565,144.209763,4.13864803,49.6298714,86.222084
1784708125217,20.4652462,51.3643417,143.892685,3.91738844,49.484127,86.0521927
1784708125260,21.0669651,51.5904274,143.620804,3.85168481,49.5234756,85.9477234
1784708125303,21.5409622,51.8077812,143.345047,3.90910554,49.6250458,85.860527
1784708125346,21.8726692,51.9563522,143.188797,3.89051557,49.7327309,85.8099823
1784708125388,21.9439907,52.1043854,143.272308,4.11036873,49.6505928,85.8641891
1784708125431,21.8124504,52.2400742,143.094559,3.98172569,49.691452,85.8487015
1784708125474,21.7763329,52.4045181,143.193054,3.94876909,49.6626549,85.8551254
1784708125517,21.7713661,52.5876389,143.164612,3.98107386,49.6273346,85.9467316
1784708125560,21.6714516,52.8082695,143.245834,4.27051544,49.6617699,86.1396255
1784708125603,21.3369064,53.1333923,143.439331,4.56215429,49.6258316,86.3843231
1784708125646,20.7896137,53.5396843,143.666519,4.68950748,49.6761513,86.5944366
1784708125688,20.0793495,53.834465,143.906601,4.79020739,49.7918129,86.8165436
1784708125731,19.4564514,54.0763054,144.355347,4.69734621,49.7322502,86.840744
1784708125774,18.9343758,54.1780853,144.694382,4.62680626,49.7738113,86.8531494
1784708125817,18.4761333,54.2674294,145.103088,4.73918772,49.7339859,87.0154037
1784708125860,17.9005604,54.4709702,145.434784,4.99307346,49.6839485,87.2555847
1784708125903,17.3432732,54.6633606,145.816498,5.01072836,49.7550468,87.3992004
1784708125946,17.004921,54.61063,146.092133,4.91458797,49.8962021,87.4438705
1784708125988,16.9685879,54.2906685,146.43457,4.7589097,50.0104294,87.3912354
1784708126031,17.1912537,53.8518333,146.742599,4.70401621,49.9015465,87.3040085
1784708126074,17.585886,53.6977119,147.017776,4.67887878,49.7020721,87.3295975
1784708126117,17.8777161,53.6392746,147.375061,4.91704655,49.5912285,87.5928802
1784708126160,18.0670547,53.4344597,147.524902,5.00629425,49.5876579,87.7083359
1784708126202,18.2717915,52.9703293,147.464325,4.85987806,49.7130585,87.6767807
1784708126245,18.5941696,52.5104828,147.447464,4.79884052,49.6065598,87.588707
1784708126288,18.9363747,52.0835838,147.090042,4.80785513,49.6784744,87.6388702
1784708126331,19.3220825,51.7143173,146.983856,4.85022163,49.5776482,87.7107849
1784708126373,19.6976967,51.1707535,146.668655,4.93879938,49.6220055,87.8180389
1784708126416,20.0736523,50.385746,146.136032,5.0295763,49.6882553,87.9619598
1784708126459,20.3951283,49.5052795,145.567841,5.15459156,49.6863365,88.0763855
1784708126502,20.643568,48.5910263,144.951599,5.29881382,49.6922722,88.1573181
1784708126544,20.9455795,47.7084312,144.174957,5.31409216,49.7427292,88.1245346
1784708126587,21.3035622,46.6282196,143.331543,5.43091154,49.8678856,88.1823425
1784708126630,21.6308327,45.4256363,142.435394,5.57694435,49.9008369,88.3047333
1784708126673,21.824358,44.4684372,141.614258,5.78238249,49.7740555,88.4446564
1784708126716,21.8620968,43.5857277,140.658127,5.88435555,49.7817345,88.5236893
1784708126758,21.8827171,42.5529099,139.42746,5.95307922,49.9513245,88.6448822
1784708126801,21.8794746,41.6848679,138.428986,6.07543278,49.8700333,88.7846375
1784708126844,21.7189655,40.8239861,137.380615,6.40602779,49.9540062,89.031456
1784708126887,21.4112473,40.1453629,136.42012,6.48987436,49.9334869,89.0903854
1784708126930,21.1163387,39.4105301,135.512421,6.63030481,50.120533,89.1744766
1784708126973,20.7305202,38.4047546,134.83252,6.81596327,50.1217194,89.2927017
1784708127016,20.4632092,37.8163147,134.157715,6.72384644,49.9547272,89.169014
1784708127058,20.3122692,37.2793007,133.566238,6.80735636,49.9387131,89.2392197
1784708127101,20.2565384,37.1378403,133.14183,6.90715599,49.7816391,89.2556152
1784708127144,20.1868629,37.2025604,132.877274,7.00098515,49.7681999,89.2106934
1784708127187,19.901947,37.2391281,132.696808,7.11994886,49.7464142,89.2310867
1784708127230,19.4977818,37.3093109,132.420502,7.0199132,49.7943878,89.0815506
1784708127273,19.2232361,37.2645569,132.149719,6.90838194,49.8741837,89.0729675
1784708127316,19.0954895,37.1824608,131.950134,6.79572296,49.8798714,89.0501022
1784708127359,19.1113892,36.80439,131.559769,6.72495222,50.0459099,89.0211029
1784708127402,19.2666492,36.3837013,131.264343,6.70334482,49.9989166,88.9706116
1784708127445,19.4508476,35.8197174,130.69812,6.76440096,50.1700859,88.9788971
1784708127488,19.5613537,35.1410179,130.479431,6.99933052,50.1036491,89.0746765
1784708127531,19.5524845,34.5524063,130.131104,7.06192589,50.079483,89.0722504
1784708127574,19.601284,33.8270454,129.790039,6.98856211,50.1486206,89.0667648
1784708127617,19.7327785,33.1092148,129.389343,6.88639212,50.1710472,88.953743
1784708127660,20.0247765,32.4230614,129.154938,6.73426628,50.1028328,88.7927628
1784708127703,20.2996731,32.0656395,129.059509,6.68532944,49.9318314,88.6842041
1784708127746,20.4865685,31.8492966,128.757523,6.48231649,49.9407234,88.4552307
1784708127789,20.7645149,31.2938614,128.230301,6.25942039,50.2503242,88.3086929
1784708127832,21.0902672,30.4910603,127.781212,6.1568985,50.2835808,88.242836
1784708127875,21.4007587,29.6120796,127.407784,6.02040815,50.3285828,88.1453781
1784708127925,21.6811333,28.8474598,127.043259,6.00561857,50.2559547,88.0503464
1784708127968,21.9403267,28.3473797,126.72908,6.04445696,50.2201309,87.9843063
1784708128011,22.1361866,27.7835712,126.429596,6.15830231,50.3161659,88.0496063
1784708128054,22.1858158,27.18256,126.291153,6.38402319,50.2407608,88.2123032
1784708128097,22.0889874,26.636034,126.066483,6.515306,50.2041283,88.3937607
1784708128140,21.8456173,26.1470528,125.88871,6.74383736,50.1243095,88.6263885
1784708128183,21.431406,25.7482414,125.734283,6.91025066,50.1333008,88.7858429
1784708128226,21.0710449,25.23773,125.503822,6.84202433,50.2409058,88.7091827
1784708128269,20.8746567,24.5457363,125.189888,6.78070354,50.288826,88.6372757
1784708128312,20.9250412,24.021244,124.932732,6.68793535,50.2242012,88.5173264
1784708128355,21.1335278,23.5272388,124.646736,6.62476254,50.2658653,88.4386215
1784708128398,21.5430107,23.0799427,124.307579,6.44447803,50.2014389,88.331131
1784708128442,22.0495338,22.7644825,123.880142,6.38517761,50.2446365,88.2959137
1784708128485,22.6601639,22.4389496,123.513161,6.20147991,50.299427,88.1198959
1784708128528,23.3411484,21.8458786,122.966652,6.02734137,50.4884605,87.9007645
1784708128570,24.2861557,21.0830212,122.43335,5.66360807,50.4516449,87.6555099
1784708128614,25.3288212,20.3169613,121.716431,5.6560874,50.5474129,87.5215149
1784708128657,26.3912601,19.497488,121.113327,5.67231607,50.5749397,87.3699112
1784708128699,27.2848835,18.680954,120.469437,5.69737339,50.6443138,87.190094
1784708128742,27.9534321,17.9085751,119.771111,5.68115187,50.6737938,87.0530472
1784708128785,28.4586143,17.2459087,118.954597,5.56846571,50.8047638,86.9266281
1784708128828,28.8732967,16.547945,118.127174,5.44329596,50.9497032,86.7783279
1784708128871,29.3050117,15.792037,117.241638,5.27471352,51.0769806,86.6322556
1784708128915,29.7065773,15.0675697,116.288963,5.39867353,51.2150078,86.6012726
1784708128958,29.963377,14.3656244,115.368996,5.49818945,51.3385849,86.6577072
1784708129001,29.9367485,13.7000742,114.472382,5.71151733,51.5219154,86.7875824
1784708129044,29.7400818,12.9913139,113.582474,5.79092407,51.6879387,86.831955
1784708129087,29.4327278,12.3917818,112.627594,5.84992456,51.8909988,86.9026871
1784708129130,28.9600677,11.932992,111.83358,6.05900431,52.199131,87.1204758
1784708129173,28.3110123,11.6645136,111.276848,6.1712389,52.4318161,87.165062
1784708129216,27.6235313,11.4178686,110.992386,6.24340963,52.6414604,87.1858749
1784708129259,27.0116539,11.4052572,110.989151,6.28681469,52.5584641,87.2144089
1784708129302,26.4912167,11.8923016,111.245026,6.2501092,52.4203758,87.2054825
1784708129345,26.0371933,12.594718,111.552223,6.15999365,52.3986816,87.1561432
1784708129388,25.7218933,13.497613,111.978622,5.88873863,52.3500328,86.8956299
1784708129431,25.5223866,14.4240808,112.386673,5.64010048,52.3909645,86.7126923
1784708129475,25.1997604,14.9332495,112.065727,5.38161516,52.7960205,86.3303909
1784708129518,24.8120346,15.1820879,111.90799,5.07757854,53.0213814,86.0447235
1784708129561,24.4414272,15.1536121,111.477226,4.53151846,53.2910156,85.5232468
1784708129604,24.2335701,14.5020962,110.789604,3.99735498,53.6733971,85.0729065
1784708129647,24.4183731,13.5248957,110.445435,3.57380581,53.536232,84.979599
1784708129692,24.4912224,12.4263067,109.390182,3.49279833,53.7799835,84.9477539
1784708129737,24.4493637,11.2584696,108.414848,3.46698117,53.9214783,84.9038467
1784708129781,24.3062992,10.3176098,107.541443,3.3734169,54.0102997,84.7752762
1784708129826,24.0647984,9.52028275,106.747948,3.18922877,54.1090736,84.6015244
1784708129871,23.6878548,8.95625496,106.067741,2.99412656,54.1344414,84.4606705
1784708129916,23.241787,8.61590385,105.533165,2.74728346,54.2201653,84.2028809
1784708129960,22.7948818,8.33725834,105.03125,2.49415541,54.3185959,83.9975967
1784708130005,22.3225498,7.9702549,104.513962,2.36030078,54.3511658,83.9979324
1784708130050,21.7516117,7.75685978,103.880615,2.59274721,54.4671173,84.2043762
1784708130093,21.1161098,7.52126694,103.837227,2.58739185,54.4856911,84.3067551
1784708130138,20.3570004,7.18820858,103.532524,2.61710453,54.5571861,84.192543
1784708130183,19.5720196,6.92869806,102.991249,2.75587201,54.7399406,84.1613083
1784708130227,18.7643681,6.77123117,102.500916,2.81976652,54.8523064,84.1991272
1784708130270,17.9690552,6.86438894,102.46479,2.81858945,54.8353195,84.2399139
1784708130313,17.2918282,6.87927961,102.645912,2.76103616,54.8199272,84.3047714
1784708130357,16.798542,6.78112936,102.238556,2.41681838,54.9565086,83.9029846
1784708130400,16.6495876,6.73589087,102.054474,2.33487034,54.9927711,83.8304062
1784708130443,16.7006016,6.87944794,101.904137,2.33773088,55.0250549,83.6913681
1784708130486,16.8672962,7.05207634,101.669075,2.24325323,55.2771111,83.4511032
1784708130529,17.1445656,7.0041995,101.390976,2.05063462,55.4795265,83.1465454
1784708130572,17.6201305,6.82051754,101.026039,1.87900352,55.594986,82.9456711
1784708130615,18.2392902,6.53845596,100.681137,1.72068906,55.6396675,82.7660599
1784708130658,19.0207005,6.16395092,100.818527,1.4052093,55.3943787,82.7332306
1784708130703,19.8184052,5.73997498,100.307297,1.19696021,55.3917656,82.492897
1784708130748,20.6773739,5.45871973,99.5843506,1.25545967,55.5320549,82.3576431
1784708130791,21.3866768,5.34882975,99.1629868,1.26091886,55.5779877,82.3510056
1784708130835,21.7837048,5.24300814,98.8312759,1.09464967,55.6938477,82.2057419
1784708130879,22.0021992,5.00634909,98.1851425,0.777283907,55.9743118,81.823616
1784708130922,22.3888874,4.62711287,98.3820877,0.387995631,55.8794174,81.3936768
1784708130966,22.7396908,4.27275658,97.9850235,0.259658396,55.9444885,81.1960907
1784708131011,23.0596523,4.0304184,97.7316513,0.280909002,55.9454536,81.1878738
1784708131055,23.1130676,3.94124413,97.2889786,0.571044803,56.0181808,81.5330505
1784708131099,23.0556259,3.81375265,97.1665802,0.590859115,56.0660706,81.5412216
1784708131143,22.9449883,3.55435395,97.2753983,0.50608325,55.9687004,81.5714035
1784708131188,22.8157635,3.19947171,97.1387482,0.483030051,55.9440994,81.581955
1784708131233,22.7697792,2.8448391,96.9708481,0.606759369,55.8630486,81.7053375
1784708131278,22.7753983,2.62128305,96.4933472,0.789405823,56.0003891,81.7215958
1784708131321,22.9950275,2.23816681,96.2828445,0.843470156,56.0456963,81.8973923
1784708131366,23.1605816,1.54486012,95.8401337,0.994105935,56.2556992,81.9500504
1784708131411,23.3674889,0.551651537,95.27314,0.900578558,56.4075851,81.731842
1784708131456,23.8738632,-0.462259442,94.6669083,0.713805497,56.460289,81.4676819
1784708131503,24.8384476,-1.28154957,94.0899429,0.621043801,56.4922676,81.2910614
1784708131548,25.9912434,-1.78960538,93.3931503,0.684275627,56.5934944,81.1758881
1784708131591,27.2486,-2.06518841,93.1128235,0.640671313,56.5964165,81.0785828
1784708131635,28.470911,-2.25350642,93.1060791,0.467108488,56.4987526,80.8222351
1784708131679,23.4371376,-1.66459286,81.8341827,6.64540768,59.7709045,86.0478439
1784708131725,30.784277,-2.20476604,93.2094803,-0.233419448,56.2020264,80.0183105
1784708131769,31.8450699,-2.13193059,93.1407013,-0.575584412,56.0353584,79.7402191
1784708131813,32.7261429,-2.02994537,92.8734131,-0.702598751,55.9966469,79.694519
1784708131856,33.4021187,-1.9425168,92.4176941,-0.725022078,56.0542374,79.7046814
1784708131900,33.6870804,-1.97408104,91.7548141,-0.521649182,56.1754913,79.8435364
1784708131944,33.5072746,-2.08667397,91.1013641,-0.271794349,56.2487564,79.9985046
1784708131988,32.8868027,-2.23305416,90.4348984,-0.12660636,56.2880249,80.1796188
1784708132033,31.8089943,-2.27883959,89.5795441,0.196608499,56.3793755,80.4677658
1784708132078,30.4337006,-2.15911078,88.7371979,0.491251558,56.4955864,80.7579727
1784708132124,28.8521347,-1.92275417,88.2633438,0.874108851,56.5053291,81.0925446
1784708132169,21.6464195,-1.0845257,77.692627,6.3161459,59.7164268,86.0618286
1784708132214,25.0093307,-0.901421309,86.9168625,1.38039577,56.8877029,81.6387711
1784708132259,25.0093307,-0.901421309,86.9168625,1.38039577,56.8877029,81.6387711
1784708132313,25.0093307,-0.901421309,86.9168625,1.38039577,56.8877029,81.6387711
1784708132363,19.8411102,1.4930228,86.631073,1.63940096,56.6285782,82.2924347
1784708132409,18.1859512,2.03466439,86.2501221,1.86219466,56.8148575,82.4705048
1784708132454,16.7135506,2.51852846,86.5426788,1.8283627,56.6530914,82.6430817
1784708132499,15.2555819,2.97555494,86.5423203,1.69673884,56.6402702,82.6001282
1784708132544,13.9601498,3.43763781,86.4547958,1.53587067,56.656353,82.5305023
1784708132589,12.8436413,3.90716147,86.3910675,1.40908349,56.6847649,82.5131683
1784708132634,11.7590075,4.31069565,86.3294678,1.3497957,56.7216988,82.5732422
1784708132679,10.5286798,4.67867088,86.3251266,1.38483489,56.7500076,82.6718369
1784708132725,10.5286798,4.67867088,86.3251266,1.38483489,56.7500076,82.6718369
1784708132774,7.72597933,5.52112198,86.4090958,0.926859319,56.8507462,82.3352814
1784708132819,6.53680134,5.806036,86.364975,0.624860525,56.8981476,82.1137466
1784708132864,5.5721755,6.03854561,86.0763626,0.534194052,57.0768738,81.9873047
1784708132908,4.75870991,6.19970322,86.3795547,0.515350044,57.1693611,81.940361
1784708132952,3.77486539,6.32873869,86.2918777,0.757353485,57.1698227,82.4035721
1784708132995,2.7214036,6.49747467,86.486824,0.736659527,57.152317,82.5181274
1784708133039,1.60606706,6.71308565,86.6745453,0.675201118,57.1093178,82.5872803
1784708133083,0.566825986,6.93494511,86.880661,0.513544977,57.0570564,82.546875
1784708133127,-0.42740798,7.23676491,87.3443222,0.405326396,56.9574089,82.3952179
1784708133171,-1.38266122,7.5782032,87.3865356,0.488782942,56.8907661,82.6822128
1784708133215,-2.2249763,7.83821964,86.3234711,0.0582990833,57.2886009,82.250824
1784708133259,-3.22008348,8.24066734,87.7538681,0.363124371,56.9111404,82.5490189
1784708133303,-3.89686346,8.43468571,87.9072037,0.254405946,56.8311806,82.4578552
1784708133347,-4.42659473,8.67380428,88.02771,0.162762091,56.8053932,82.3862915
1784708133391,-4.79697227,8.79721546,87.7334061,-0.0225362685,57.0188866,82.1757278
1784708133434,-5.08568954,8.9104166,87.7263641,-0.108112052,57.0404816,82.1820831
1784708133478,-5.3558383,8.9875555,87.6874771,-0.154177055,57.0544701,82.2406006
1784708133521,-5.59618473,9.08408546,87.6497574,-0.174803957,57.0775604,82.3009109
1784708133565,-5.8413434,9.33206654,87.88591,-0.114825569,56.8663101,82.5303955
1784708133609,-6.12001705,9.69911575,87.669838,-0.0613059215,57.0219727,82.4970093
1784708133653,-6.58830214,10.2603312,87.9859619,0.0400805995,56.821701,82.7376022
1784708133696,-7.06902075,10.904294,88.0554962,-0.0350294821,56.8089943,82.6621552
1784708133740,-7.41807938,11.4384909,87.7558975,-0.0449130945,56.9985504,82.6004791
1784708133784,-7.7783823,12.1677456,87.7864838,0.0417629369,56.9710274,82.7446213
1784708133827,-8.11338806,12.8344908,87.867485,0.154233292,56.8904533,83.0671234
1784708133871,-8.42545795,13.3286552,87.4604416,0.305654705,57.142086,83.1443558
1784708133914,-8.83379459,13.7021732,87.228653,0.431396246,57.2986641,83.2832184
1784708133958,-9.35064602,14.003046,87.1191025,0.576812685,57.2755241,83.4391632
1784708134001,-9.91041851,14.4774332,87.2590942,0.836495757,57.08395,83.8311768
1784708134047,-10.4591656,15.0278006,87.2411041,1.05521309,57.0300903,84.1136246
1784708134091,-11.015974,15.5577269,86.9968719,0.909188211,57.2785378,84.0235214
1784708134135,-11.6531906,16.1497364,87.1491165,1.21829998,57.0594826,84.442482
1784708134180,-12.2558537,16.6087837,87.0078735,1.34931564,57.0822906,84.6202545
1784708134225,-12.880785,16.9417706,86.8424377,1.355955,57.1133232,84.6783142
1784708134270,-13.4862709,17.1111202,86.5667877,1.32657003,57.2057037,84.7235718
1784708134315,-14.0806627,17.1351089,86.3097,1.43056011,57.25494,84.8889847
1784708134359,-14.7030544,17.1399651,85.9471664,1.5917803,57.2951088,85.1236267
1784708134405,-15.341917,17.1823635,85.6236191,1.68455613,57.3394241,85.2884445
1784708134450,-15.9766827,17.2555637,85.298996,1.80120087,57.3545532,85.4672546
1784708134494,-16.7237968,17.3399811,85.0828476,2.13376379,57.3684959,85.8435059
1784708134540,-17.6756763,17.4808311,85.001152,2.38564205,57.3285866,86.1278458
1784708134585,-18.7296047,17.7889271,84.9804611,2.52657938,57.2220802,86.3402634
1784708134630,-19.7357273,18.2444401,84.8848724,2.3893075,57.3267632,86.2907944
1784708134674,-20.7101593,18.7522793,84.9767456,2.35580683,57.2819138,86.3643112
1784708134718,-21.5117798,19.3151207,85.1494141,2.39547896,57.2368622,86.4588089
1784708134762,-22.1846123,19.8156967,85.3395615,2.47072196,57.2649765,86.5368958
1784708134805,-22.7619877,20.2920322,85.6484985,2.64673519,57.2141914,86.6812973
1784708134849,-23.2180653,20.767065,85.9884338,2.77834249,57.1648674,86.7833328
1784708134893,-23.5823154,21.3624744,86.3734055,2.87410855,57.0616341,86.8642197
1784708134937,-23.8016758,21.890173,86.6994705,2.88058138,57.0402336,86.9266205
1784708134981,-23.9666862,22.4000359,87.0079803,2.9591558,56.9258308,87.0774002
1784708135025,-24.0979881,22.9524345,87.2465668,2.97052455,56.8668442,87.157402
1784708135069,-24.24613,23.4093609,87.3721085,2.97622418,56.8885765,87.1626892
1784708135112,-24.3984985,23.7477818,87.3468857,2.76240611,56.9266853,86.9980011
1784708135156,-24.4643803,24.0767441,87.2607193,2.54305077,56.9401588,86.7742233
1784708135200,-24.4715881,24.4163322,87.0886078,2.46477532,56.9880409,86.6866837
1784708135244,-24.5329247,24.6643333,86.7652588,2.50310135,57.1245651,86.747467
1784708135288,-24.7283688,24.7179413,86.4811249,2.59573555,57.2577438,86.920105
1784708135331,-25.1511154,24.8840218,86.2657166,2.86764097,57.1900902,87.2058945
1784708135375,-25.8181458,25.3266964,86.107811,3.09002113,57.0880089,87.3875732
1784708135419,-26.6441727,26.0907555,86.0132446,3.03224492,56.9421997,87.3331146
1784708135463,-27.4831581,27.0238209,85.9629822,2.89485693,56.811985,87.3168259
1784708135506,-28.2874069,27.9087029,85.8059311,2.83160615,56.8037453,87.4207382
1784708135550,-29.1618004,28.5622444,85.544838,2.95429516,56.8540916,87.6490097
1784708135594,-30.1471691,28.9666309,85.0542984,3.18959808,56.9417725,87.9638062
1784708135637,-31.2969456,29.0733452,84.3910522,3.46049404,57.1206169,88.3068619
1784708135681,-32.6380768,28.9736938,83.6080627,3.7907474,57.2246666,88.7253494
1784708135725,-34.3286858,29.0337429,83.3049469,4.43207502,57.054985,89.1986542
1784708135771,-35.7942963,28.9102898,82.4107132,4.61235428,57.139679,89.4848251
1784708135817,-37.1949654,28.8172951,81.5974808,4.63674068,57.1759834,89.7382126
1784708135863,-38.334877,28.6698685,80.3214264,4.45622206,57.4019699,89.9235229
1784708135907,-39.6338425,28.7778797,79.614975,4.53474903,57.4187965,90.1370621
1784708135951,-40.9971123,29.0343208,79.298027,5.02698326,57.184803,90.4701462
1784708135997,-42.9635849,29.9057846,80.3442612,4.19241762,56.3870544,91.324234
1784708136043,-43.1302452,29.1014862,78.0550461,3.85179663,57.6330643,90.6906052
1784708136089,-44.1112709,29.1264381,77.1554184,4.24667931,57.6389122,90.8887482
1784708136135,-45.3357162,29.8381767,76.6847305,4.94501972,57.0250664,91.4260635
1784708136180,-46.1300316,29.5857391,75.7146835,3.89832425,57.9114723,91.1012039
1784708136226,-46.986187,29.689642,74.4869919,5.56766558,57.7646141,91.4626236
1784708136273,-47.7507668,29.3560925,73.3804474,5.47683573,58.135788,91.5170364
1784708136317,-48.5456924,29.2025776,72.5633087,5.78714752,58.0809517,91.8452225
1784708136361,-49.0981522,29.0377312,71.5233154,5.85987425,58.3078156,91.9913635
1784708136405,-49.8937569,29.1772633,71.2666473,5.48897743,58.2028542,92.0755234
1784708136449,-50.5371056,29.1372814,70.5850067,5.54512358,58.3476982,92.1584473
1784708136493,-51.110405,28.9520836,69.9306259,5.62132549,58.4292183,92.311821
1784708136537,-51.7238274,28.75877,69.2192383,5.85390663,58.5530548,92.5912247
1784708136581,-52.47155,28.5322323,68.6243744,6.13727427,58.6204147,92.92173
1784708136625,-53.0531387,28.5333195,68.0018234,6.16820812,58.5969658,92.9948578
1784708136668,-53.5948181,28.7860184,67.5952225,6.45680857,58.5626335,93.2925949
1784708136712,-53.8658676,29.1570034,67.2034607,6.57632589,58.6020927,93.4418335
1784708136756,-53.9230919,29.424633,66.8181839,6.50327587,58.7726707,93.4384384
1784708136800,-53.9129372,29.6082649,66.5072708,6.67076302,58.8223915,93.6239014
1784708136844,-53.7956657,29.8065815,66.1389084,6.91779661,58.9073677,93.832016
1784708136888,-53.7273254,30.2823792,65.9187546,7.30370378,58.8572159,94.0714188
1784708136932,-53.7273254,30.2823792,65.9187546,7.30370378,58.8572159,94.0714188
1784708136981,-53.2415695,31.8165455,65.2100983,7.256001,59.4335747,93.9195328
1784708137025,-53.2415695,31.8165455,65.2100983,7.256001,59.4335747,93.9195328
1784708137074,-53.2415695,31.8165455,65.2100983,7.256001,59.4335747,93.9195328
1784708137124,-53.2415695,31.8165455,65.2100983,7.256001,59.4335747,93.9195328
1784708137173,-50.9285927,35.4399071,66.4652939,8.56545544,59.706234,95.3454971
1784708137217,-50.2334976,35.8231697,66.7150497,8.5879097,59.9345665,95.4079056
1784708137261,-49.4699097,35.8756828,67.0554123,8.54058743,59.9924049,95.3905716
1784708137305,-48.569519,35.9158325,67.4421005,8.54673767,59.9725113,95.4475479
1784708137349,-48.569519,35.9158325,67.4421005,8.54673767,59.9725113,95.4475479
1784708137398,-46.7341499,35.7923965,67.835556,8.80016804,60.0612679,95.5477829
1784708137442,-45.8533401,35.710701,67.9361267,8.49965477,60.3202362,95.1837463
1784708137486,-45.8533401,35.710701,67.9361267,8.49965477,60.3202362,95.1837463
1784708137536,-43.710247,35.6833649,68.4223862,7.67100668,60.2179031,94.3331604
1784708137580,-43.710247,35.6833649,68.4223862,7.67100668,60.2179031,94.3331604
1784708137630,-41.6892548,35.8764343,69.2971497,7.87014914,59.9475632,94.3929596
1784708137674,-41.6892548,35.8764343,69.2971497,7.87014914,59.9475632,94.3929596
1784708137723,-41.6892548,35.8764343,69.2971497,7.87014914,59.9475632,94.3929596
1784708137772,-38.5920143,35.3934364,70.4770126,6.88289022,60.5768776,93.2139435
1784708137816,-37.1428223,34.8794098,69.6466217,6.8927536,60.9098663,92.9997635
1784708137860,-36.104248,34.8574905,69.8979111,6.74149942,60.9094963,92.8212357
1784708137904,-35.0605125,34.7098579,70.1240997,6.70715046,60.926136,92.80867
1784708137948,-34.1302299,34.7673912,70.5187378,6.75064993,60.8118057,92.8021545
1784708137992,-33.2999001,34.9367485,70.8833847,6.83720016,60.7180939,92.7601395
1784708138036,-32.5620804,35.449604,71.3925858,6.85306263,60.5836372,92.6082458
1784708138080,-31.81814,35.8484573,71.9258118,6.81173658,60.5874977,92.4891205
1784708138123,-31.0412025,36.2060738,72.4830017,6.87524033,60.5346069,92.494957
1784708138167,-30.3266277,36.4916306,73.0159683,7.18112469,60.5075493,92.6817169
1784708138211,-29.7831802,36.790287,73.4747467,7.55755043,60.4591217,92.8739395
1784708138255,-29.3402004,37.1879005,73.9859238,7.71435213,60.3751297,92.8815384
1784708138298,-29.3402004,37.1879005,73.9859238,7.71435213,60.3751297,92.8815384
1784708138347,-29.3402004,37.1879005,73.9859238,7.71435213,60.3751297,92.8815384
1784708138396,-29.3402004,37.1879005,73.9859238,7.71435213,60.3751297,92.8815384
1784708138445,-29.3402004,37.1879005,73.9859238,7.71435213,60.3751297,92.8815384
1784708138494,-29.3402004,37.1879005,73.9859238,7.71435213,60.3751297,92.8815384
1784708138543,-29.3402004,37.1879005,73.9859238,7.71435213,60.3751297,92.8815384
1784708138592,-29.3402004,37.1879005,73.9859238,7.71435213,60.3751297,92.8815384
1784708138641,-29.3402004,37.1879005,73.9859238,7.71435213,60.3751297,92.8815384
1784708138690,-29.3402004,37.1879005,73.9859238,7.71435213,60.3751297,92.8815384
1784708138739,-29.3402004,37.1879005,73.9859238,7.71435213,60.3751297,92.8815384
1784708138788,-29.3402004,37.1879005,73.9859238,7.71435213,60.3751297,92.8815384
1784708138837,-29.3402004,37.1879005,73.9859238,7.71435213,60.3751297,92.8815384
1784708138886,-29.3402004,37.1879005,73.9859238,7.71435213,60.3751297,92.8815384
1784708138935,-29.3402004,37.1879005,73.9859238,7.71435213,60.3751297,92.8815384
1784708138984,-29.3402004,37.1879005,73.9859238,7.71435213,60.3751297,92.8815384
1784708139034,-29.3402004,37.1879005,73.9859238,7.71435213,60.3751297,92.8815384
1784708139083,-19.1151237,38.1577492,76.0535965,6.77137327,60.2800102,91.1638031
1784708139126,-18.7049484,37.0923309,75.5098419,6.52677488,60.3882866,90.9367828
1784708139170,-18.2634964,35.8779602,75.0684586,6.41291094,60.4827843,90.8255081
1784708139214,-17.7892647,34.6253662,74.6748962,6.38909578,60.4996109,90.7719879
1784708139257,-17.3167286,33.2968102,74.2912369,6.44053268,60.5722122,90.8533249
1784708139301,-17.0530586,31.8850117,73.9444046,6.75931025,60.6572456,91.098175
1784708139346,-16.9402084,30.3983707,73.7024918,6.85511875,60.6970139,91.1802902
1784708139392,-16.9417305,29.164484,74.6966782,6.15687418,60.3495407,90.8093567
1784708139437,-16.5425186,27.120924,72.7284393,6.23121738,60.9076805,90.794548
1784708139482,-16.5849724,25.5160408,72.6134949,6.54631376,60.8656273,91.0738144
1784708139527,-16.6980648,23.9909286,72.6221237,6.92071676,60.777153,91.3971176
1784708139572,-16.8735428,22.5924301,72.674881,7.22027016,60.7380714,91.5946579
1784708139616,-17.0742512,21.2332516,72.8347473,7.33908844,60.6869469,91.5950775
1784708139661,-17.0865879,19.831501,73.054245,7.26945305,60.6683426,91.4156647
1784708139706,-17.0927277,18.521862,74.8519745,7.92475939,60.1454697,91.4257889
1784708139752,-17.0927277,18.521862,74.8519745,7.92475939,60.1454697,91.4257889
1784708139802,-17.0927277,18.521862,74.8519745,7.92475939,60.1454697,91.4257889
1784708139852,-17.0927277,18.521862,74.8519745,7.92475939,60.1454697,91.4257889
1784708139901,-17.0927277,18.521862,74.8519745,7.92475939,60.1454697,91.4257889
1784708139951,-17.0927277,18.521862,74.8519745,7.92475939,60.1454697,91.4257889
1784708140001,-9.7616663,9.2028923,75.3345871,8.22172832,60.2299614,91.5330124
1784708140048,-9.06621647,8.36505795,75.9428406,8.16726971,60.1765404,91.4353333
1784708140093,-8.4648428,7.68490362,76.5615082,8.06148624,60.1429176,91.2346344
1784708140138,-7.91499758,7.11964083,77.3259201,7.99277115,60.0589905,91.031662
1784708140183,-7.37449265,6.75297832,78.1642151,7.89452171,59.9564819,90.8267441
1784708140228,-6.81683588,6.53828239,79.1758728,7.88792706,59.814846,90.8051834
1784708140273,-6.35830545,6.4050889,80.0650024,8.05658722,59.7056389,91.0059052
1784708140318,-6.16278267,6.25760603,81.066391,8.25852013,59.5771027,91.2204208
1784708140363,-6.21249342,6.23151875,81.9937744,8.43587208,59.4323959,91.405098
1784708140409,-6.52850437,6.32593822,82.9114838,8.71103573,59.3148727,91.6825943
1784708140454,-7.18053722,6.44802904,83.7117233,8.89451599,59.2725601,91.8978653
1784708140499,-8.0715313,6.43873882,84.4175262,9.00328541,59.2817535,91.9444733
1784708140544,-9.05215073,6.35461617,84.9709778,8.96339989,59.2514801,91.8936615
1784708140593,-10.1143999,6.36385202,86.4322815,9.32324791,58.9478607,92.153717
1784708140637,-10.8815813,6.31907129,86.7051544,9.39204407,58.9495354,92.3384094
1784708140681,-11.6505709,6.13402224,86.9005203,9.48837662,58.9924469,92.5378113
1784708140725,-12.4298115,5.78785229,86.9379044,9.53562641,59.0604973,92.6399765
1784708140769,-13.1791992,5.29916191,86.8860168,9.57261372,59.1071854,92.6988297
1784708140813,-13.8626528,4.7708869,86.8044739,9.5906992,59.1246758,92.6974182
1784708140857,-14.5182543,4.27577162,86.6007919,9.60866261,59.1577682,92.6971207
1784708140901,-15.1332779,3.83790684,86.4291382,9.5192709,59.1839104,92.6823044
1784708140945,-15.6213713,3.43770957,86.190506,9.3551712,59.2271271,92.6393051
1784708140989,-16.0280437,3.03002667,85.9745331,9.20143604,59.2884331,92.5719833
1784708141033,-16.420042,2.65924239,85.7364273,9.05877018,59.303051,92.4318924
1784708141078,-16.7833405,2.3827002,85.6163483,8.84279156,59.2859802,92.1941452
1784708141122,-17.1549797,2.23778248,85.3949738,8.72783279,59.3000717,92.1243134
1784708141166,-17.6343803,2.31025815,85.354393,8.52908802,59.2944374,91.9746323
1784708141210,-18.1420135,2.31699347,85.3443604,8.43621254,59.3491974,91.927002
1784708141255,-18.5826912,2.5083282,85.4605408,8.32400513,59.30299,91.832077
1784708141299,-18.9529667,2.81552482,85.6168823,8.31397915,59.2347374,91.7904739
1784708141343,-20.433054,3.51152086,91.1978607,4.86775541,57.9101448,91.9693222
1784708141388,-20.6796741,3.97058868,90.4624252,5.33219624,58.1082268,92.071434
1784708141434,-20.8628941,4.36728191,88.6699371,5.8618474,58.6774254,91.9662781
1784708141479,-21.5541229,4.77812576,89.1095734,4.46262264,58.7006721,91.7302704
1784708141524,-21.536171,4.97572136,87.4585876,5.04778099,59.1701889,91.4648361
1784708141569,-21.6860657,5.27697372,86.9485779,4.90097046,59.4160233,91.3581924
1784708141614,-21.8681507,5.44706964,86.5782547,4.37311983,59.6421242,91.2377777
1784708141659,-22.0936165,5.55449629,86.2718124,3.94322038,59.8270226,91.1246338
1784708141704,-22.3049755,5.59811878,85.9171524,3.96800995,59.9919891,90.889679
1784708141749,-22.635107,5.78767109,86.369278,3.18329859,59.9240608,90.6462326
1784708141795,-22.4579678,5.88570881,85.4799271,3.79832077,60.2691803,90.3191833
1784708141840,-22.63867,6.05940533,86.626709,3.4449091,60.1055107,90.2555771
1784708141885,-22.701498,5.95321321,87.9834061,3.09740901,59.9103317,90.2461166
1784708141930,-22.4939823,5.7266531,88.2687683,3.72584748,59.794796,90.3247681
1784708141975,-22.8363609,5.65924168,89.5585098,7.45087671,59.4226151,91.138298
1784708142019,-22.9141941,5.84144545,90.5024414,3.24462843,59.3766823,90.3965225
1784708142064,-23.076889,5.80712223,91.3435974,3.07291126,59.2273979,90.3438034
1784708142109,-22.7281818,5.56041622,89.803421,6.50879717,59.5886574,90.5004959
1784708142154,-23.2573185,5.74516726,91.6338959,3.08104634,59.2839432,90.2990341
1784708142199,-23.316061,5.79636621,91.1442261,3.38025665,59.511055,90.176033
1784708142244,-23.6686344,5.83661699,91.6649017,6.74669218,59.4191208,90.7277908
1784708142289,-24.0693226,5.97295856,92.4935684,6.85765362,59.347393,90.8643875
1784708142334,-23.8700333,6.2459054,91.1249542,3.35677481,59.8453598,90.0360336
1784708142379,-24.1602268,6.86641073,91.6059952,3.0339787,59.7932625,89.8135986
1784708142424,-24.5916042,7.77680779,93.2407837,2.49559188,59.5869064,89.7992249
1784708142469,-24.6349678,8.53466702,93.8251877,3.02234411,59.5752449,89.9480896
1784708142513,-24.6573067,9.29807758,94.1388855,3.77701044,59.6004372,90.1107101
1784708142558,-25.0902348,10.2722015,95.6440048,3.42680669,59.4106064,90.2419357
1784708142603,-25.1257496,10.9933624,95.6227493,3.87137055,59.6102257,90.0317078
1784708142647,-24.997118,11.505579,95.419899,4.83441639,59.8226471,89.8365936
1784708142692,-24.4518604,11.7267618,94.2929001,6.35365391,60.2210999,89.6720581
1784708142737,-24.4070015,12.1562166,95.3953934,6.68537474,60.0368614,89.8556442
1784708142781,-26.2046947,13.368824,103.368729,7.66741562,57.9428978,91.3742599
1784708142825,-25.9433556,13.688592,103.846313,7.637712,57.926445,91.3205185
1784708142868,-25.7269802,14.0705252,104.21431,7.6290164,57.903595,91.2278976
1784708142912,-25.5216751,14.6153927,104.167702,7.70780706,58.031601,91.2490463
1784708142955,-25.3451767,15.3553686,104.956886,7.41246748,58.0122108,90.9853745
1784708142999,-25.1256638,16.0774136,105.901001,7.26810741,57.8904915,90.8483047
1784708143042,-24.8896751,16.7952747,106.889091,7.35210848,57.6768341,90.7623825
1784708143085,-24.6335258,17.6530819,107.669662,7.20031929,57.5421677,90.751297
1784708143129,-24.4280643,18.8366756,108.686707,7.1802702,57.3654404,90.727066
1784708143172,-24.2844563,20.2273178,109.775261,7.22643948,57.2468147,90.7983932
1784708143216,-24.3531227,21.6015129,110.931305,7.34549761,57.1700516,90.8992615
1784708143260,-24.5890312,22.8249207,112.037704,7.31149054,57.0820961,90.7906418
1784708143303,-24.7560101,23.8671761,113.167915,7.2307744,56.9850922,90.6586304
1784708143346,-24.8137684,24.6839046,114.293205,7.26810741,56.9106331,90.6890945
1784708143390,-24.8552151,25.4932365,115.340157,7.45782661,56.7939873,90.8418579
1784708143433,-24.8174458,26.3035793,116.470306,7.59722948,56.7338486,91.0163422
1784708143477,-24.8012905,27.0297623,117.511513,7.87921333,56.6368675,91.2977371
1784708143520,-24.9254379,27.7313442,118.440254,8.0135107,56.5798035,91.3987808
1784708143563,-25.0192089,28.4147072,119.424187,7.96582603,56.488163,91.2961197
1784708143606,-24.9986324,29.1023903,120.419273,7.8889842,56.3801613,91.2152634
1784708143650,-24.8417492,29.7872925,121.295761,7.7578783,56.2920952,91.1436234
1784708143694,-24.6488247,30.4619598,122.205032,7.70109749,56.2113304,91.1470413
1784708143737,-24.5912724,31.0858784,122.972534,7.7872076,56.1276627,91.1647415
1784708143780,-24.6148415,31.6441135,123.773956,7.52838659,56.0885086,90.9327316
1784708143824,-24.5545979,32.0606689,124.419975,7.24815798,56.0535774,90.7016296
1784708143867,-24.4371815,32.4845505,125.11393,7.1432209,55.9753265,90.6486206
1784708143910,-24.2957745,32.8965492,125.750603,7.07772589,55.9016075,90.6392593
1784708143954,-24.2923908,33.3625336,126.365021,7.19886255,55.8296928,90.7617416
1784708143997,-24.4962196,33.8698502,126.846085,7.31145191,55.7836533,90.8424759
1784708144043,-24.8131466,34.2200699,127.259041,7.30681849,55.8664398,90.8201828
1784708144086,-25.2251282,34.5069199,127.793777,7.36848974,55.7873192,90.8811874
1784708144130,-25.6459312,34.7860146,128.232468,7.47807455,55.7241669,91.0915604
1784708144173,-26.1365929,35.2229614,128.664902,7.68200922,55.6848526,91.2940979
1784708144216,-26.7233372,35.6637802,129.173492,7.80380201,55.6584892,91.4337692
1784708144260,-27.3141613,36.0568047,129.75943,7.85519028,55.6072388,91.4633942
1784708144303,-27.8938808,36.6196136,130.524902,8.01397038,55.4431,91.5741959
1784708144346,-28.3322029,37.3146133,131.189331,8.03175545,55.3294334,91.6068726
1784708144390,-28.5758133,38.1254425,131.987503,7.95608759,55.2411804,91.6592941
1784708144433,-28.6848602,38.9025955,132.743423,8.09983635,55.128849,91.8226242
1784708144476,-28.7153435,39.5931702,133.507111,8.16680622,55.0553055,91.9625626
1784708144520,-28.714613,40.2547493,134.232269,8.24579239,54.9387894,91.9794083
1784708144563,-28.6263237,40.976944,134.828018,8.25582695,54.8542023,91.9592361
1784708144606,-28.4688187,41.6955376,135.365433,8.32847786,54.8210068,91.9836426
1784708144649,-28.2337933,42.3226357,135.903351,8.30078793,54.8149796,91.9640503
1784708144692,-27.912365,42.8129959,136.250031,8.30642891,54.813736,91.9627991
1784708144736,-27.6240845,43.3034897,136.636703,8.29605579,54.8183479,91.9897537
1784708144779,-27.4515095,43.7190933,137.002396,8.34297752,54.7978058,92.0058594
1784708144822,-27.3723183,44.1549225,137.279129,8.28217316,54.781147,91.8947296
1784708144865,-27.2892418,44.4431458,137.490692,8.1008606,54.8604126,91.723259
1784708144908,-27.1808128,44.6838951,137.652405,8.01694012,54.8644524,91.6925507
1784708144952,-27.1536446,44.9531288,137.895325,8.0757494,54.8632812,91.7680283
1784708144995,-27.2175217,45.1464729,138.006516,8.04481792,54.8977356,91.7791138
1784708145038,-27.2959194,45.4933929,138.139862,8.08230019,54.8699341,91.7982712
1784708145081,-27.4983845,45.9422798,138.462021,8.28496933,54.8760986,91.9942627
1784708145124,-27.9617672,46.4190903,138.727875,8.52610207,54.8860397,92.2096558
1784708145167,-28.5524216,46.7935753,139.083679,8.59076214,54.9258385,92.308342
1784708145211,-29.0936756,47.1248016,139.515228,8.65829945,54.8803024,92.4154892
1784708145254,-29.6603546,47.479538,139.864288,8.92571163,54.7814789,92.6309891
1784708145297,-30.2790546,47.9520798,140.271851,9.03989792,54.7088394,92.7531738
1784708145340,-30.8058624,48.2612839,140.49881,9.0266161,54.7471352,92.8364716
1784708145383,-31.2048607,48.4451294,140.7314,9.03575134,54.7677727,92.8872375
1784708145427,-31.3895397,48.4898338,140.886261,9.06434917,54.7886276,92.9347382
1784708145470,-31.4394665,48.5751457,140.809296,9.16845322,54.7661324,93.032608
1784708145513,-31.527874,48.7224998,140.810745,9.30877113,54.7598648,93.1931686
1784708145556,-31.631691,48.9202042,140.733154,9.35984612,54.7511253,93.2372818
1784708145599,-31.7163773,49.1254959,140.523926,9.31322384,54.7403793,93.2269516
1784708145642,-31.7400036,49.4480324,140.298615,9.23803902,54.7313957,93.1707382
1784708145686,-31.6396885,49.8627014,139.992432,9.08665848,54.7697372,93.071991
1784708145729,-31.4274826,50.1542473,139.666412,8.9659481,54.887619,92.9522018
1784708145772,-31.1262245,50.3650398,139.451447,8.90743637,54.8877296,92.8864517
1784708145815,-30.7961102,50.6750679,138.991241,9.06523991,54.8763657,92.9659042
1784708145858,-30.6134605,51.2089462,138.594727,9.14068699,54.9413681,93.0844116
1784708145902,-30.5269451,51.7234497,138.314392,9.24363041,55.0472641,93.1635818
1784708145945,-30.4909477,52.2409172,138.042725,9.26150799,55.0757866,93.2278442
1784708145988,-30.5428925,52.8601837,137.863647,9.39264202,55.0563698,93.3001404
1784708146031,-30.6440754,53.5120354,137.604828,9.40348721,55.1329117,93.2909698
1784708146074,-30.7723331,54.0378532,137.418579,9.48820019,55.2895813,93.3634415
1784708146118,-30.9578228,54.4191284,137.330292,9.60415363,55.2841568,93.4825897
1784708146161,-31.1703873,54.7287636,137.136093,9.73183632,55.3779335,93.6173019
1784708146204,-31.5005302,54.9940338,136.927979,9.87697601,55.4451714,93.7394257
1784708146247,-31.9745235,55.3852654,137.019989,9.63799286,55.5341644,93.7029037
1784708146290,-32.4341927,55.7143288,137.256821,9.40473461,55.6375923,93.6659317
1784708146333,-32.8396339,55.870533,137.41922,9.46417999,55.618103,93.6422348
1784708146376,-33.1259232,56.0015297,137.728836,9.2784462,55.5392265,93.5302811
1784708146419,-33.2212563,56.21035,138.125854,8.94349289,55.5374565,93.5086288
1784708146462,-33.3284073,56.4950294,138.490189,9.27084827,55.4457512,93.69561
1784708146504,-33.4070206,56.6976318,138.8396,9.18684959,55.4457321,93.6079559
1784708146547,-33.3324699,56.8665886,139.202606,9.09820557,55.4698296,93.5486374
1784708146590,-33.2690353,57.0084419,139.593689,9.18434143,55.3879509,93.604248
1784708146633,-33.2368202,56.9797096,139.808884,9.00061226,55.5602188,93.5774231
1784708146676,-33.2610474,56.8513222,139.987015,9.22840595,55.4671211,93.6343536
1784708146719,-33.2016983,56.7679329,140.103745,9.30314922,55.4117432,93.6602325
1784708146762,-32.9132919,56.7261353,140.273926,9.14577389,55.4771729,93.5731964
1784708146805,-32.5462875,56.6003075,140.5569,9.32188225,55.4500618,93.6030731
1784708146848,-32.082962,56.3809319,140.860046,9.24048233,55.4308128,93.5186996
1784708146891,-31.6664619,56.3141708,141.235687,9.44762516,55.278347,93.556076
1784708146934,-31.3917217,56.4932404,141.784485,9.45477867,55.1714783,93.5725021
1784708146977,-31.1225567,56.751194,142.261887,9.31119537,55.1203041,93.5093155
1784708147021,-30.7981071,56.8745422,142.695358,9.29297161,55.145874,93.5047989
1784708147064,-30.4591675,56.8607292,143.03299,9.30556488,55.1171799,93.5455704
1784708147107,-30.1626434,56.9829102,143.369934,9.33209419,55.00103,93.5843048
1784708147150,-29.8180885,57.1220131,143.583725,9.52819061,54.9416237,93.6801147
1784708147193,-29.5087452,57.1768036,143.638885,9.59170818,54.9108353,93.7264786
1784708147236,-29.2503948,57.1757545,143.523483,9.59843254,54.9503098,93.7123184
1784708147278,-28.9892406,57.1487846,143.311295,9.54708195,54.9745636,93.6868515
1784708147321,-28.6281338,56.9886894,142.928604,9.57271576,55.109375,93.7834778
1784708147364,-28.2754021,56.6797447,142.478485,9.68444157,55.2428856,93.9492874
1784708147407,-28.0074596,56.291378,142.072556,9.93998432,55.2631874,94.1064377
1784708147450,-27.8144379,55.9494667,141.566299,10.0827732,55.2037163,94.1689987
1784708147493,-27.578764,55.8008881,141.044785,10.184247,55.1963692,94.2627335
1784708147536,-27.3287544,55.7153969,140.547501,10.1866636,55.2384109,94.3454971
1784708147579,-27.0810699,55.5059662,140.025513,10.2019577,55.347435,94.4139709
1784708147622,-26.7780323,55.492878,139.587433,10.1836271,55.1982689,94.3787384
1784708147665,-26.5002594,55.5894127,139.025314,10.4030132,55.1869392,94.5053711
1784708147710,-26.4070625,55.6775398,138.3237,10.4534435,55.3407974,94.7046738
1784708147753,-26.4321251,55.5795708,137.788574,10.4902964,55.5479164,94.8255615
1784708147796,-26.4714298,55.3555679,137.268707,10.6624241,55.5700798,95.0171814
1784708147839,-26.5004482,55.1519089,136.763794,10.7013092,55.6004944,95.1000671
1784708147882,-26.5027771,55.0054626,136.282608,10.7433634,55.6318855,95.1125793
1784708147925,-26.5312748,54.8845482,135.882889,10.7401695,55.652935,95.1085892
1784708147967,-26.5141144,54.8607407,135.537537,10.6541958,55.6234436,95.044342
1784708148010,-26.2898598,54.8583755,135.185104,10.4327965,55.662426,94.9585114
1784708148053,-25.8815422,54.8525314,134.973389,10.3164835,55.7003212,94.9504776
1784708148096,-25.4561176,54.6931686,134.650146,10.4688864,55.713726,95.0630646
1784708148138,-25.1182404,54.3492317,134.164154,10.402133,55.7933884,95.1015244
1784708148182,-24.7671528,53.9073753,133.455215,10.4994535,55.8158531,95.2369461
1784708148225,-24.475975,53.3910904,132.702042,10.7393723,55.8773041,95.4925461
1784708148268,-24.2686119,52.6367455,131.684998,11.0345116,55.997303,95.7342682
1784708148312,-24.0451927,51.7128677,130.79248,10.8484592,56.1272011,95.7109299
1784708148355,-23.713522,50.7810669,129.821457,10.9146013,56.1609917,95.7869186
1784708148398,-23.3985634,50.0797691,128.797165,10.9505472,56.1607895,95.7982941
1784708148441,-23.1962757,49.5058479,127.748856,11.0749922,56.3129234,95.7967224
1784708148492,-23.0629635,48.9904823,126.850639,11.0151854,56.4027519,95.7416458
1784708148536,-22.914608,48.563282,126.168747,10.9944258,56.4320526,95.7937851
1784708148579,-22.9412594,48.4664116,125.552193,11.3331432,56.3325806,96.1597366
1784708148622,-23.0230179,48.6160851,125.215027,11.0749969,56.4526367,96.0546951
1784708148666,-22.8059483,48.9300499,125.086678,10.5970783,56.3609619,95.7758636
1784708148709,-22.2340088,49.3524017,125.164825,10.3856211,56.3745346,95.7117004
1784708148752,-21.6368809,49.7988586,125.438232,10.4956074,56.2708969,95.8018799
1784708148795,-21.2180824,50.2339516,125.65464,10.5271235,56.1549072,95.7904739
1784708148839,-20.8745022,50.609417,125.899834,10.3643217,56.1422615,95.7843552
1784708148882,-20.5847301,50.8639908,125.980667,10.1543846,56.2252274,95.7494278
1784708148925,-20.3041782,50.7933846,125.820755,10.3151236,56.2809868,95.7519226
1784708148968,-19.9198189,50.3484154,125.461357,10.1328945,56.4528122,95.5730362
1784708149011,-19.6070385,49.6574211,125.05143,10.385253,56.487114,95.7039413
1784708149055,-19.3897877,48.9862595,124.565422,10.6032619,56.5284538,95.9154587
1784708149098,-19.2805004,48.2769623,124.155205,10.783329,56.6009178,96.153511
1784708149142,-19.3028889,47.5599022,123.77932,10.9243269,56.6633263,96.3293304
1784708149185,-19.2968807,46.9926376,123.441666,10.9572802,56.5336113,96.3508911
1784708149229,-19.1465721,46.8196259,123.200745,11.0100012,56.4852943,96.4625702
1784708149272,-19.0057373,46.6864395,122.970901,11.2869749,56.5014839,96.7193375
1784708149315,-18.9793377,46.5784111,122.915443,11.4164867,56.524395,96.9016037
1784708149359,-18.9703693,46.5323563,122.882751,11.5457592,56.4993401,97.0619431
1784708149402,-18.9100533,46.438118,122.958191,11.6644192,56.4997368,97.2333908
1784708149445,-18.7336006,46.3802643,123.163719,11.6664314,56.4456367,97.4023285
1784708149489,-18.4957256,46.2107582,123.40052,11.9876308,56.3662567,97.8757324
1784708149532,-18.3175449,46.3323441,123.714989,12.3586988,56.1448059,98.2584
1784708149575,-18.2061386,46.468502,124.078346,12.6424475,56.1310196,98.4268265
1784708149619,-17.8160763,46.797924,124.429909,12.4700832,55.8793221,98.2330933
1784708149662,-16.7845612,46.7443237,124.785347,12.175662,56.1735649,98.2930222
1784708149706,-15.5303917,46.5949936,125.609764,12.7962599,55.4894447,98.8837509
1784708149749,-14.4490147,46.5791817,126.363846,13.6834755,55.333889,99.5628967
1784708149792,-13.9776182,46.6129303,127.274628,14.2627945,54.6328697,99.8829269
1784708149836,-13.8942137,47.2018166,127.9729,14.7260141,54.3473892,100.275604
1784708149879,-13.802784,47.6351128,128.536316,14.8263559,54.3088951,100.448799
1784708149923,-13.8584757,48.036068,129.277588,15.320653,54.1547241,100.829727
1784708149966,-14.0270872,48.3158073,129.891617,15.9802008,53.9905052,101.372032
1784708150010,-14.2476797,48.5621719,130.63092,15.9481792,53.8049889,101.483215
1784708150053,-14.1760111,48.2032585,131.439774,16.3984985,53.7535172,102.02021
1784708150096,-14.3611212,47.7777786,132.184647,16.6469784,53.2436523,102.260864
1784708150140,-14.5608492,47.3087387,132.719147,16.9874763,52.8132324,102.517647
1784708150183,-14.8954191,47.2850914,133.01178,17.2187881,52.3170586,102.712433
1784708150226,-14.8702612,47.1517792,132.965134,17.4556751,52.4088173,102.979141
1784708150269,-14.7969923,46.6139107,133.057312,17.7914467,52.3111382,103.484612
1784708150312,-14.8291264,45.6381798,132.986038,18.4946423,52.1453094,104.160896
1784708150356,-14.9542675,44.4985161,132.837433,18.8127632,51.8447914,104.498512
1784708150399,-15.3889599,43.8673706,132.608994,19.4152832,51.2405853,104.891182
1784708150442,-16.2738342,43.9099197,132.208542,19.5937233,50.9721985,105.009224
1784708150485,-17.1986961,44.1009636,131.758286,19.2862568,51.0865974,104.941612
1784708150529,-17.735239,44.2765236,131.341293,18.9780464,51.1413879,104.88739
1784708150572,-17.8506641,44.534481,130.998993,18.8929272,51.1516418,104.940323
1784708150615,-17.9072514,45.0223083,130.704559,18.9954624,50.9543076,104.903984
1784708150659,-18.1408386,45.9533768,130.278381,19.0376167,50.8928299,104.675034
1784708150702,-18.3024464,46.8356743,129.805405,18.6982136,51.2387924,104.362717
1784708150746,-18.1751461,47.1450958,129.350281,18.4285717,51.6334343,104.273621
1784708150789,-17.820858,47.1281929,129.161407,18.1583538,51.6743736,104.216316
1784708150832,-17.1632881,47.0954895,129.070984,18.0779152,51.5605087,104.277802
1784708150875,-16.502861,47.3589554,129.075348,18.2395973,51.2710724,104.422791
1784708150917,-16.0477772,48.0099144,129.114136,18.5450611,51.0761147,104.472244
1784708150961,-15.8958569,49.0556564,129.321518,18.5796375,50.9357147,104.404816
1784708151004,-15.938448,50.1890678,129.417206,18.5636063,51.1102905,104.30986
1784708151048,-15.9901943,50.7931099,129.634537,18.5583172,51.4059944,104.320366
1784708151091,-15.9277306,50.9927444,130.066406,18.4476814,51.4339027,104.349754
1784708151133,-15.7248058,51.1090317,130.511002,18.4457321,51.3829613,104.455292
1784708151177,-15.4704857,51.2802811,131.104202,18.5820427,51.1475296,104.658493
1784708151220,-15.3366547,51.8288078,131.800858,18.8594456,50.8491936,104.852066
1784708151263,-15.458601,52.7061272,132.676285,18.9880409,50.6709366,104.93618
1784708151306,-15.7594566,53.6878929,133.626999,18.8166237,50.6671715,104.808449
1784708151349,-15.9013681,54.738327,134.897629,18.1613598,50.7212296,104.58036
1784708151393,-15.8040733,55.6819115,136.078384,18.3099957,50.6144371,104.646637
1784708151436,-15.6313896,56.4001427,137.268524,18.256012,50.5132866,104.890358
1784708151479,-15.452076,57.031662,138.367325,18.261816,50.3165703,105.05825
1784708151522,-15.3819647,57.4439621,138.268143,19.2402916,50.131012,105.379051
1784708151565,-15.2378883,57.6347389,138.607269,19.2441597,50.1045532,105.374329
1784708151609,-15.0596914,57.5708237,138.546021,19.1784649,50.3038025,105.382462
1784708151652,-14.6883545,57.1654968,139.086395,18.359827,50.5542526,105.210526
1784708151695,-14.3767967,56.7178764,138.581131,18.4435749,50.3910866,105.237358
1784708151739,-14.0122747,56.3283005,137.892715,18.4605331,50.44487,105.141968
1784708151782,-13.4932766,55.8305817,137.135269,18.2603893,50.5670204,104.929573
1784708151825,-12.7350845,55.4388924,136.413666,18.0656013,50.5263748,104.762764
1784708151867,-11.7920933,55.1178589,135.715622,18.0188389,50.626606,104.693192
1784708151910,-10.8482428,54.7780418,135.196289,18.1635265,50.5640945,104.741409
1784708151954,-10.118557,54.6750488,134.680313,18.2760181,50.4356804,104.779221
1784708151998,-9.54808235,54.6783905,134.319122,18.3024063,50.5178719,104.804878
1784708152041,-9.05185604,54.6658554,133.971375,18.1523533,50.5376358,104.773949
1784708152084,-8.54014874,54.6673393,133.692337,17.9777145,50.6252937,104.699562
1784708152127,-8.04715729,54.3275223,133.439972,18.2121811,50.7185097,104.819298
1784708152170,-7.51471663,54.3941116,133.469208,18.1871834,50.2817421,104.763016
1784708152213,-7.02187681,54.7363586,133.602402,18.104538,50.3228302,104.855728
1784708152258,-6.66760397,55.1491394,133.89473,18.2084694,50.3213501,104.971001
1784708152301,-6.51510906,55.600956,133.580231,18.8697605,50.0879173,105.055733
1784708152345,-6.26937675,55.841362,133.920563,18.8445091,50.038372,105.015129
1784708152388,-5.98392534,55.6323204,134.111618,18.8567829,50.1528206,105.117287
1784708152432,-5.28089762,55.3417549,135.039444,18.0909309,50.1077118,104.918022
1784708152475,-4.20127344,54.8379784,135.038712,18.175478,49.9920769,104.779518
1784708152518,-3.56064701,54.4237938,135.558258,19.5734768,49.2727432,105.356277
1784708152561,-3.34915662,54.4506607,135.881958,19.5735397,48.8935394,105.251122
1784708152604,-3.05893826,54.1371994,136.056412,19.5378304,48.9826126,105.213203
1784708152647,-2.71157551,54.2201614,136.146347,19.5946198,48.8039207,105.186188
1784708152690,-2.42838264,53.7122421,136.112946,19.7757568,49.0824699,105.430016
1784708152733,-2.07013726,53.5026741,136.332352,19.6693134,48.6704178,105.407913
1784708152776,-1.52169383,53.2346191,136.225891,19.6309929,48.7578583,105.486313
1784708152819,-0.946737885,52.9523621,136.290146,19.6991882,48.6471786,105.538963
1784708152862,-0.400980145,52.7704811,136.322525,19.664011,48.4298172,105.506416
1784708152904,0.111622319,53.0887871,136.360168,19.6676388,48.1701012,105.442406
1784708152947,0.611241698,53.1670151,136.137375,19.6461964,48.4507942,105.400276
1784708152990,1.15972149,53.3200302,135.929886,19.46492,48.3571167,105.138123
1784708153033,1.78644288,53.1206474,135.73703,19.5333118,48.720047,105.296509
1784708153076,2.44830132,52.7278824,135.666992,19.511467,48.5372505,105.246498
1784708153119,3.10937428,52.3583603,135.594925,19.5421505,48.4232101,105.204102
1784708153162,3.74646282,52.3229752,135.324615,19.375412,48.1670685,104.996246
1784708153206,4.37934065,52.2833405,134.992386,19.3887711,48.3149376,104.997482
1784708153249,4.92335701,52.4537773,134.774918,19.4391346,48.2011833,104.945015
1784708153292,5.35341835,52.5205078,134.581284,19.5434036,48.4125748,105.029671
1784708153335,5.67454243,52.1032448,134.423843,19.6636219,48.5510139,105.162949
1784708153378,6.08022785,51.6554413,134.374908,19.4248695,48.4757652,105.066345
1784708153420,6.76543856,50.7385254,134.304138,19.3599854,48.7309685,105.053123
1784708153463,7.69098377,49.4675903,134.602936,19.1448116,48.3679543,104.897629
1784708153507,8.70456791,48.8887787,134.732941,19.3491802,47.7337608,104.907799
1784708153550,9.33433533,48.8485718,134.97879,19.7190151,47.3042603,105.158661
1784708153593,9.49403667,48.7688484,134.945999,20.1186314,47.2955437,105.471291
1784708153636,9.37469196,48.7188568,134.995316,20.24473,47.1173058,105.522087
1784708153679,9.17617512,48.5965614,134.763062,20.2843952,47.2182999,105.649498
1784708153722,8.88750744,48.5488586,134.604492,20.3405819,47.1260872,105.642235
1784708153765,8.57114697,48.5467415,134.373611,20.3998985,47.2657585,105.649269
1784708153808,8.20031261,48.568161,134.244278,20.2799606,47.2927475,105.634018
1784708153851,8.03467083,48.5536995,134.155273,20.1113014,47.4633827,105.583344
1784708153894,8.17795086,48.417038,134.154724,19.9748211,47.5547714,105.502289
1784708153937,8.45656872,48.071846,134.277512,20.0037842,47.5902252,105.483124
1784708153980,8.8248558,47.8544502,134.515442,19.9534054,47.3647156,105.385994
1784708154023,8.95159912,47.8740349,134.771713,20.1362896,47.136364,105.471092
1784708154066,8.75679684,48.0676537,134.991089,20.2690239,47.0486145,105.47892
1784708154109,8.3649826,48.1090126,135.012329,20.2668114,47.1576042,105.478416
1784708154152,8.05460072,48.1308441,135.137482,20.0864143,47.2655525,105.378044
1784708154195,7.95903254,47.8882179,135.212967,19.8744793,47.4053421,105.258965
1784708154238,7.98626995,47.5255814,135.340408,19.8768082,47.4140625,105.268997
1784708154281,7.9507556,47.2829475,135.556381,19.8456917,47.1770859,105.248787
1784708154324,7.75092936,47.3841629,135.81311,19.9797325,46.9848747,105.310249
1784708154367,7.3564167,47.5345573,135.979782,20.1332893,46.9735947,105.388741
1784708154410,6.97704744,47.602932,136.092789,20.0483379,47.1185341,105.366867
1784708154453,6.77855349,47.6279297,136.314178,19.9871635,47.1615677,105.397888
1784708154496,6.63878202,47.6393433,136.611542,20.0172443,47.0897179,105.501579
1784708154539,6.44811678,47.8508873,136.967331,20.1715908,46.9579659,105.527222
1784708154582,6.12332153,48.0977631,137.43544,20.2572231,46.8510704,105.590637
1784708154625,5.65204525,48.5021553,137.819183,20.2439556,46.780983,105.557358
1784708154667,5.23007393,48.8871269,138.320374,20.1204948,46.7698975,105.449097
1784708154710,4.99373055,49.352787,138.592728,19.8660412,46.7943687,105.282814
1784708154753,5.01690626,49.6595039,138.817383,19.7714176,46.9417381,105.277351
1784708154796,5.14097309,49.8774376,139.074081,19.8190384,46.9151001,105.360046
1784708154839,5.0897007,50.0355492,139.33844,19.9903812,46.8706322,105.483879
1784708154882,4.86495113,50.406601,139.613831,20.0713558,46.752449,105.462944
1784708154926,4.55812693,50.9276886,139.821945,19.9610767,46.6865654,105.385132
1784708154969,4.37268305,51.4588966,139.92012,19.7661152,46.7736626,105.246559
1784708155012,4.33296299,51.8928947,139.93541,19.5990696,46.8906212,105.137291
1784708155055,4.30796862,52.3437157,139.948944,19.5689793,46.9215355,105.115738
1784708155097,4.21096754,52.7708664,139.903214,19.5668793,46.995697,105.115112
1784708155140,4.04127359,53.2147064,139.848724,19.5692863,47.0150986,105.091576
1784708155183,3.89246082,53.6992874,139.802643,19.39468,47.0680122,104.988693
1784708155226,3.73082328,54.0967979,139.775223,19.423233,47.1319656,104.994423
1784708155269,3.4533236,54.5871506,139.735046,19.3998432,47.0562325,104.991341
1784708155312,3.06657672,55.0876617,139.715851,19.4255123,47.1852951,105.01403
1784708155355,2.58399487,55.4903183,139.807571,19.4467297,47.1503105,105.04966
1784708155398,2.07222271,55.925518,139.822571,19.4042778,47.2014809,105.043587
1784708155441,1.72109592,56.1780357,139.740158,19.2317047,47.395668,104.965866
1784708155483,1.52916431,56.4426727,139.76683,19.0590267,47.4262505,104.92305
1784708155526,1.36868572,56.6346626,139.795227,19.0931683,47.5717468,105.039505
1784708155569,1.19746435,56.8814011,139.924408,19.0786228,47.5267677,105.09082
1784708155612,0.9670946,57.0223923,139.977905,19.1505375,47.6545143,105.247238
1784708155655,0.636330485,57.1692085,140.106842,19.112669,47.576973,105.287819
1784708155698,0.319165915,57.4654121,140.310776,18.9014797,47.6033859,105.195061
1784708155741,0.0854640231,57.6104813,140.235611,18.7365322,47.8169708,105.166824
1784708155784,-0.0158577692,57.7603493,140.262009,18.4926357,47.9886894,105.114952
1784708155827,-0.00535794068,57.8533554,140.3797,18.4695301,48.0210419,105.083282
1784708155870,-0.0065120887,57.8627625,140.344391,18.5104828,48.0908356,105.168556
1784708155913,-0.0620538481,57.9219742,140.546814,18.5541248,47.9488335,105.220367
1784708155956,-0.127103582,57.9121971,140.553741,18.5919399,47.9901123,105.280045
1784708155999,-0.228442058,57.7530594,140.402847,18.6597614,48.0202942,105.326241
1784708156042,-0.356884301,57.7395401,140.45694,18.6783695,47.9150581,105.316971
1784708156085,-0.411764681,57.8309822,140.488983,18.4231739,47.890152,105.183319
1784708156128,-0.312735349,57.8084412,140.303879,18.3130226,48.0870209,105.133591
1784708156171,-0.0723920986,57.7822113,140.287811,18.2406578,48.0009422,105.066574
1784708156214,0.107183419,57.6334572,140.150574,18.4654274,48.1173592,105.2444
1784708156257,0.248748526,57.6745071,140.143936,18.4858704,47.8413658,105.263252
1784708156300,0.390285105,57.9536552,139.608612,19.0550709,47.6977501,105.415817
1784708156344,0.785308778,58.1754189,139.533264,18.9913006,47.6956406,105.377281
1784708156387,1.30780208,58.2974358,139.410187,19.0251617,47.8050041,105.427536
1784708156430,1.88114285,58.5027428,139.44136,19.0306187,47.7285995,105.529236
1784708156473,2.38558292,58.835804,139.508865,19.2434998,47.655014,105.65995
1784708156518,2.82972026,59.1026154,139.534027,19.3868198,47.734417,105.735558
1784708156562,3.2920723,59.2287788,139.670563,19.4242687,47.7612228,105.77932
1784708156605,3.98296475,59.4909782,139.815186,19.1519356,47.6698112,105.638428
1784708156648,4.79106903,59.6935272,139.806274,19.3162804,47.7171669,105.748352
1784708156692,5.68578672,59.9637527,139.863052,19.2903938,47.6555595,105.77887
1784708156735,6.61454153,60.3308411,139.97728,19.500021,47.592514,105.917213
1784708156778,7.56331778,60.5563316,139.996826,19.6952686,47.666153,106.117821
1784708156821,8.51203823,60.4764633,140.142471,19.990921,47.7455139,106.366005
1784708156865,9.25140858,60.2239113,140.363388,20.3486481,47.5649071,106.637794
1784708156908,9.89665699,60.1164131,140.685516,20.5389729,47.4097519,106.769127
1784708156952,10.6127844,59.979187,140.935776,20.5173588,47.276741,106.817261
1784708156995,11.5621977,59.3970413,141.046204,20.6852226,47.4843521,106.908768
1784708157038,12.9031706,58.6180229,142.760529,20.4422455,47.0852356,106.863403
1784708157082,13.948247,57.9636497,142.194931,20.4715862,46.6006927,106.849411
1784708157125,15.6050367,57.8506165,142.262695,20.5022011,46.4102516,106.814171
1784708157168,16.6325111,57.6240768,142.740356,22.0025291,45.8133698,107.248734
1784708157211,17.1148911,58.0254173,143.05986,22.0614376,45.2074966,107.00631
1784708157258,17.2705669,58.4883041,143.178223,22.2384872,45.4268417,107.050552
1784708157301,17.3068733,58.6839409,143.142975,22.1879044,45.5719299,106.937065
1784708157344,17.1197853,58.7555122,142.99968,22.2305317,45.7324677,106.781281
1784708157387,16.8389606,59.2435036,142.663467,22.2912865,45.3457756,106.318588
1784708157431,16.7101765,59.7504425,142.374786,22.1365623,45.5124054,106.02494
1784708157474,16.6779823,60.4108124,142.137085,22.0021744,45.6256371,105.788788
1784708157517,16.6164932,60.8201447,142.022949,21.9171066,45.917984,105.758095
1784708157560,16.5894508,60.9134445,141.75,21.83955,46.1497765,105.792931
1784708157604,16.5898476,60.9182396,141.621872,21.84202,46.2433167,105.874031
1784708157647,16.5330868,60.8029327,141.553314,21.9871769,46.3069878,105.943329
1784708157690,16.4154148,60.77314,141.615463,22.018055,46.2865944,105.944855
1784708157733,16.2063141,60.8164558,141.730347,22.0958557,46.3175888,106.010735
1784708157776,16.0109711,60.8270073,142.051239,22.0359001,46.2342148,106.02462
1784708157820,15.9095984,60.8856621,142.406937,21.991087,46.2398186,105.971756
1784708157863,15.9056444,60.5098572,142.719437,21.8994198,46.3914261,105.946609
1784708157906,15.9627647,60.2221642,143.154404,21.8288326,46.2440376,105.873055
1784708157949,16.0264091,60.0787125,143.532028,21.9934616,46.1911354,105.887192
1784708157993,16.0582371,60.0604744,144.099243,22.1429367,46.0119057,105.9151
1784708158036,15.9346342,60.3109856,144.714737,22.2362251,45.8631058,105.959808
1784708158080,15.7448158,60.4477196,145.31337,22.1331329,45.9018898,105.926544
1784708158123,15.8735762,60.0704193,145.549011,20.8134556,46.7751083,105.978218
1784708158167,16.3911877,60.8533096,147.639191,21.5364952,45.8864288,105.725143
1784708158210,16.6396713,60.6883316,147.423615,21.5107651,46.0572815,105.959129
1784708158253,16.8122749,60.9643402,148.097672,21.7375717,45.8975449,106.064476
1784708158296,16.7861977,61.3739624,148.847534,21.7526951,45.7706451,106.133568
1784708158339,16.6252346,61.4898758,148.986816,21.1498909,46.1627426,106.195152
1784708158382,16.6243763,62.3270988,149.581589,22.0391979,45.4165573,106.066994
1784708158426,16.8827209,62.5454788,149.864227,21.8845062,45.4596481,106.004768
1784708158469,17.1673832,62.618824,149.940552,21.8757458,45.4849663,105.999855
1784708158512,17.3455544,62.85989,149.819702,21.8952389,45.4129028,105.982491
1784708158556,17.5544834,63.0814781,149.683685,21.8786182,45.5792847,105.980606
1784708158599,17.7976341,63.045845,149.426208,21.876173,45.6838913,105.960793
1784708158643,18.0290565,62.8506927,149.130951,21.9416714,45.797863,106.019684
1784708158686,18.3438053,62.6637993,149.016754,21.8886395,45.6277122,105.983017
1784708158730,18.5737,62.7243462,148.585876,21.929657,45.5339088,105.914543
1784708158774,18.8004341,62.957386,148.214996,21.8661137,45.6022682,105.820503
1784708158817,19.0843143,62.9964752,147.810303,21.8971119,45.7570877,105.934563
1784708158861,19.2085533,63.0886421,147.641724,22.2075691,45.5163765,106.133507
1784708158905,19.1444111,63.2153664,147.3311,22.4744129,45.6503258,106.249428
1784708158949,18.9634705,63.1875648,147.208786,22.520052,45.5405159,106.181313
1784708158993,18.7905083,63.6162529,147.034927,22.3663254,45.4277191,106.021538
1784708159037,18.6022606,64.026535,146.765686,22.3497925,45.4685211,106.01915
1784708159080,18.4082489,64.6614151,146.517517,22.2820816,45.5066147,105.895569
1784708159123,18.1877995,64.9418106,146.057098,22.3405094,45.8337173,105.919403
1784708159167,18.1419544,64.9735336,145.714767,22.2276936,46.0245705,105.811821
1784708159210,18.1895237,64.9524994,145.284424,22.1051044,46.050251,105.704926
1784708159253,18.2845821,64.9456711,144.949677,22.0834408,46.0796089,105.642982
1784708159296,18.3312397,64.8459549,144.388184,22.0123043,46.1755295,105.539734
1784708159339,18.4289722,64.72966,143.709625,22.0060101,46.3805695,105.515816
1784708159382,18.7100964,64.5900345,143.002213,21.7868309,46.5331573,105.372055
1784708159425,19.0176754,64.1801987,142.511856,21.9943428,46.7707405,105.500412
1784708159468,19.3383083,63.7390289,142.24823,21.9122944,46.585228,105.485336
1784708159511,19.4574966,63.5870247,141.838867,22.1150894,46.434433,105.570137
1784708159554,19.5134621,63.4577293,141.515518,22.1838703,46.4162483,105.597359
1784708159597,19.4277058,63.3892708,141.119553,22.1743298,46.4057961,105.555679
1784708159641,19.3613148,63.380352,140.693558,22.0457172,46.4294701,105.489525
1784708159685,19.326046,63.2511482,140.169907,22.1990376,46.5890007,105.630638
1784708159728,19.1868267,63.2325783,139.826523,22.2839088,46.4900436,105.711121
1784708159771,19.1071072,63.148819,139.316269,22.2561951,46.6139832,105.712975
1784708159814,19.1883488,63.1544228,138.970184,22.2845821,46.5251579,105.710556
1784708159857,19.2671509,63.3679962,138.69072,22.4158821,46.4448547,105.777313
1784708159901,19.2133904,63.5178566,138.467346,22.7159081,46.4859009,105.957695
1784708159944,19.1384907,63.8340454,138.407486,22.8011436,46.4358482,105.99398
1784708159987,18.9669571,63.4086189,136.438171,21.7617645,46.9532433,105.791557
1784708160030,18.9095993,63.3338013,135.93013,21.6792507,46.9345398,105.712425
1784708160074,18.991293,63.1487617,135.059113,21.4496956,47.1633606,105.597397
1784708160118,19.085228,62.869381,134.208527,21.4290657,47.2600327,105.607956
1784708160161,19.0313721,62.6762848,133.257736,21.5996876,47.282074,105.717468
1784708160205,18.8276291,62.2842979,132.205048,21.7192612,47.5707855,105.783737
1784708160249,18.308569,61.6685753,131.045303,21.8952808,47.7426949,105.808632
1784708160293,17.7314434,61.0289078,129.963455,21.851963,47.9082947,105.794075
1784708160336,17.0794678,60.1948814,128.680374,21.746851,48.2610092,105.962227
1784708160380,16.3327465,59.4459839,127.761314,22.0511436,48.3199081,106.286087
1784708160424,15.4971247,59.1254807,128.355927,23.3488693,48.0522003,106.890678
1784708160467,14.8373461,58.4252319,127.679367,23.2393131,48.1331253,107.010498
1784708160510,14.1991615,57.9870262,127.457764,23.5295734,47.9181175,107.248276
1784708160553,13.6080284,57.8652229,127.318214,23.592617,47.7614784,107.339043
1784708160597,13.0680113,57.6671753,127.175331,23.7476215,47.7350273,107.532379
1784708160640,12.6359215,57.3965874,127.024529,23.8308163,47.6608238,107.705475
1784708160683,12.1008263,56.9721718,126.516602,24.0227833,47.6432648,107.852852
1784708160726,11.6990404,56.3089104,125.688026,23.8623981,47.9040794,107.740036
1784708160770,11.5586853,55.2139626,124.599258,23.5768185,48.1624374,107.531593
1784708160813,11.7342768,53.866478,123.150131,23.3111458,48.4311981,107.372437
1784708160858,12.0812206,52.1388969,121.46273,23.2282295,48.7290535,107.417183
1784708160901,12.4582767,50.23106,119.68988,23.2592812,48.9611511,107.506378
1784708160946,13.0022907,48.4871407,119.110344,23.0280743,48.9692268,107.327599
1784708160989,13.1921501,46.5924072,116.550034,23.0225296,49.1611862,107.265457
1784708161032,13.5042305,44.977726,114.891159,23.0382614,49.254364,107.186699
1784708161076,13.8946638,43.4755898,113.545494,23.0443573,49.3553276,107.150513
1784708161119,14.3330593,42.0325851,112.47805,23.0947437,49.4135971,107.133553
1784708161163,14.7442522,40.6986084,111.735878,23.202858,49.2544975,107.165916
1784708161206,14.9701376,39.6061478,111.160461,23.4095802,49.042347,107.281487
1784708161249,14.9453955,38.6227417,110.731331,23.6280556,48.8696823,107.456093
1784708161293,14.7861643,37.7887993,110.338455,23.7702827,48.7472992,107.524727
1784708161336,14.6044712,37.0291939,109.913124,23.813385,48.6840172,107.478531
1784708161380,14.4875803,36.274044,109.402466,23.7946777,48.6811371,107.416534
1784708161423,14.4188175,35.5002327,108.875343,23.9197483,48.6308784,107.46357
1784708161466,14.3342953,34.7681923,108.305679,24.1070251,48.6236954,107.566505
1784708161509,14.1935263,33.9907761,107.733963,24.2068787,48.6272621,107.646744
1784708161553,14.0866833,33.2214241,107.10881,24.1458073,48.6301727,107.651192
1784708161596,13.9996166,32.2942848,106.334503,24.1686382,48.6649551,107.770996
1784708161639,13.8580456,31.4123726,105.568542,24.2527027,48.633625,107.859917
1784708161683,13.6719103,30.5842381,104.773415,24.2820053,48.6536064,107.871918
1784708161726,13.4695778,29.7439957,103.905731,24.3569965,48.7542686,107.910095
1784708161770,13.2300673,28.9091129,103.180466,24.3860188,48.7412605,107.914162
1784708161814,12.8790283,28.1519375,102.484161,24.4646893,48.7398567,107.921219
1784708161857,12.508563,27.5594845,101.885956,24.3290462,48.6741676,107.788956
1784708161900,12.238225,27.0887241,101.203735,24.1274147,48.7560806,107.648827
1784708161944,12.1475124,26.5279884,100.57515,24.018549,48.850666,107.633804
1784708161988,12.1949883,25.8943424,100.019341,23.9809971,48.8621368,107.610397
1784708162032,12.3616934,25.3515186,99.4510727,23.8419189,48.8353806,107.452393
1784708162075,12.6340837,24.8582268,98.8155289,23.8025494,48.838665,107.384544
1784708162119,12.8829222,24.4530258,98.2159271,23.8135033,48.8086319,107.331856
1784708162163,13.0743113,24.2266979,97.6574478,23.7900658,48.8219032,107.251511
1784708162206,13.076004,23.8165131,97.1213074,23.8186111,48.9481316,107.263969
1784708162251,13.0501041,23.5465069,96.6631317,23.6243286,48.9369507,107.110748
1784708162295,13.0697622,23.2594261,96.2522812,23.4050903,49.002758,106.86338
1784708162338,13.151412,23.1663475,95.8477936,23.1756401,48.9818459,106.607872
1784708162382,13.340394,22.913908,95.3110733,22.9779625,49.2669067,106.456215
1784708162426,13.6567383,22.4672279,94.8430557,22.9304752,49.2805099,106.392014
1784708162469,13.894701,22.0466824,94.440155,22.9964218,49.2825813,106.425285
1784708162513,13.9542599,21.6165237,94.0611801,23.0889721,49.244545,106.446136
1784708162556,13.8783369,21.3345413,93.6964798,23.0738697,49.2247429,106.456322
1784708162600,13.7041492,21.0002403,93.3496933,23.1061344,49.3305626,106.529999
1784708162643,13.5214567,20.592329,93.0454483,23.095356,49.3629799,106.56118
1784708162687,13.3738279,20.2965336,92.7751312,22.9980011,49.3177452,106.496986
1784708162731,13.2742701,20.1426868,92.5454483,22.9850159,49.2938805,106.50206
1784708162774,13.1828861,20.0373249,92.3454056,23.0198708,49.3571701,106.566368
1784708162818,13.1544743,19.7712746,92.1535568,22.9785213,49.508297,106.546379
1784708162861,13.2222595,19.2276611,91.0108566,22.6330967,49.9294319,106.447891
1784708162905,13.5175505,19.0071583,91.94841,22.939024,49.4787102,106.526665
1784708162948,13.7844982,18.8683338,92.037735,22.8954601,49.3538284,106.500076
1784708162992,14.1370764,18.9266586,92.1476974,22.7476749,49.3554726,106.368637
1784708163035,14.5459213,18.9173813,91.3998489,22.3247395,49.7316437,106.132156
1784708163082,15.2625847,19.2209053,92.5847931,22.3823128,49.3552895,105.924431
1784708163126,16.0284328,19.2960262,92.731369,22.2561932,49.3984795,105.750069
1784708163170,16.8209133,19.2222023,91.9861298,21.8501205,49.7364197,105.491661
1784708163213,17.7863884,19.4414597,93.1584854,22.059412,49.311367,105.407562
1784708163257,18.5360508,19.4601135,93.3369751,22.0310078,49.2612915,105.369827
1784708163300,19.1291389,19.433876,93.4441833,21.9670296,49.2771111,105.335426
1784708163344,19.7376785,19.2322674,93.4498978,21.7871342,49.3947334,105.18158
1784708163387,20.4710751,18.9620628,93.388031,21.6232891,49.4479446,105.020142
1784708163430,21.2786961,18.7725468,93.3911743,21.6002674,49.4325142,104.934593
1784708163474,22.0381985,18.7375069,93.3906403,21.6741066,49.4383202,104.933205
1784708163517,22.7497654,18.7650318,93.6236115,21.7807007,49.3828011,104.948944
1784708163561,23.376503,18.8894749,93.9480896,21.8611393,49.2870712,104.978889
1784708163604,23.9822388,19.1024685,94.36586,21.839592,49.1284828,104.946861
1784708163648,24.5641193,19.5377808,94.7893448,21.8539333,49.0609703,104.903793
1784708163691,25.2203121,19.9318886,95.3012161,21.8947582,49.0850296,104.863441
1784708163735,25.9681778,20.2751102,95.9160309,21.9330387,49.0786209,104.820419
1784708163778,26.5380135,20.3746662,95.3932953,21.7060165,49.4299278,104.799873
1784708163822,27.6853867,20.9992447,97.0635071,21.9221401,48.9394646,104.727051
1784708163866,28.6795864,21.3758793,97.6605682,22.0800838,48.9245529,104.824417
1784708163909,29.663662,21.7149086,98.3124161,22.1473732,48.8565865,104.786781
1784708163952,30.7155895,22.1654491,99.0192184,22.1213379,48.7447701,104.657906
1784708163996,31.8778458,22.9355507,99.8290329,22.0171528,48.5826912,104.472504
1784708164039,33.0792923,23.8405285,100.696556,21.9799137,48.5651398,104.331413
1784708164082,34.3117676,24.7323132,101.702423,21.9165497,48.5369072,104.117859
1784708164126,35.5670204,25.4679432,102.631165,21.758009,48.5422287,103.890282
1784708164170,36.8775864,26.1380138,103.664024,21.6616478,48.3825989,103.697189
1784708164213,38.1166687,26.8466473,104.545891,21.5534458,48.2784424,103.502464
1784708164256,39.3434677,27.4372025,105.306984,21.4036312,48.2340088,103.310112
1784708164299,40.566803,27.8198967,105.789856,21.2389641,48.3376465,103.053596
1784708164343,41.9061508,27.8528309,105.957611,21.0223103,48.5390434,102.740387
1784708164386,43.3605461,27.7338791,105.925163,20.8888283,48.6057053,102.527924
1784708164430,44.7814026,27.5253277,105.687126,20.9147358,48.6803856,102.503342
1784708164475,46.0303993,27.3148956,105.390541,21.1015606,48.6537323,102.651978
1784708164519,46.8397598,27.097559,105.23616,21.4771519,48.5976486,102.952309
1784708164562,47.1827164,26.8475018,105.1408,21.7876282,48.5674133,103.15873
1784708164605,47.1531982,26.7877789,105.234268,21.9247303,48.447773,103.19239
1784708164649,46.8857841,27.0590401,105.446365,21.9664268,48.3164291,103.190308
1784708164692,46.420784,27.6118565,105.919609,22.1168022,48.1582718,103.28331
1784708164735,45.7744637,28.4486313,106.541046,22.2494602,48.0063553,103.382263
1784708164778,45.0182037,29.374794,107.323326,22.426548,47.8946419,103.608627
1784708164822,44.1449738,30.3428268,108.221642,22.6443691,47.794075,103.813736
1784708164865,43.2282944,31.3017921,109.442413,22.8581791,47.6694717,103.993401
1784708164908,42.2870903,32.5223732,111.26725,23.2114048,47.2446823,104.23307
1784708164952,41.3150864,33.9634361,113.328178,23.1593208,46.8138275,104.259888
1784708164997,40.0270767,35.3457451,114.335464,23.0882435,47.0104103,104.286545
1784708165040,39.1756592,37.211647,116.285484,23.1164207,46.7947655,104.521927
1784708165085,38.5248871,39.3544121,118.450478,23.0957108,46.6173553,104.563744
1784708165129,38.0865517,41.3912773,120.539055,22.9790211,46.5421677,104.389343
1784708165172,37.8964767,42.9990463,122.367676,22.7753143,46.6130066,104.283073
1784708165215,37.8694458,44.2013474,124.023674,22.6899452,46.6558266,104.29805
1784708165258,37.9645615,45.2439728,125.536636,22.4992085,46.5457382,104.202522
1784708165302,38.100956,46.1154633,126.664612,22.3840504,46.550621,104.228355
1784708165346,38.2438354,46.7504044,127.611824,22.4516659,46.6040649,104.406487
1784708165389,38.2682076,47.3135948,128.584915,22.5071907,46.5677032,104.431679
1784708165433,38.1593704,47.6881599,129.340424,22.3749466,46.6475029,104.3004
1784708165476,38.0635529,48.0282135,130.080078,22.2029591,46.6613426,104.143311
1784708165519,37.8838654,48.3700523,130.811234,22.1349926,46.6244698,104.117004
1784708165562,37.6215248,48.655117,131.641251,22.1498756,46.6217308,104.132118
1784708165609,37.1927452,48.8401375,132.4207,22.1837139,46.6139069,104.16053
1784708165652,36.7214241,49.0057564,133.19812,22.0619698,46.5818443,104.090378
1784708165695,36.352478,49.3364639,134.077515,21.9470768,46.4309578,104.076279
1784708165739,35.9710846,49.6559753,134.895493,22.0489788,46.3751564,104.236649
1784708165782,35.5166283,49.847599,135.704865,22.1924534,46.3867874,104.416626
1784708165825,34.9763565,49.942028,136.621353,22.3332863,46.3331528,104.547958
1784708165869,34.4496689,50.1495056,137.77507,22.2906628,46.1481628,104.528625
1784708165911,33.8725433,50.4931335,138.952881,22.2539997,45.8660278,104.467583
1784708165955,33.3808365,51.1128082,139.884048,21.9751072,45.7230339,104.189995
1784708165998,33.1810608,51.7711906,140.582001,21.6661453,45.7654915,103.978645
1784708166041,33.195137,52.3340034,141.23111,21.697649,45.7968712,104.06707
1784708166086,33.1942635,52.8210716,141.978973,21.7894363,45.7222824,104.143196
1784708166130,33.1310654,53.2873001,142.60762,21.8022499,45.6678467,104.109734
1784708166173,33.0500488,53.8058472,143.191971,21.65168,45.526329,104.048538
1784708166216,32.9313774,54.4467697,143.690231,21.581625,45.4842453,104.003181
1784708166259,32.6829681,55.0003319,144.18187,21.6300945,45.461628,103.960548
1784708166302,32.2632866,55.5631523,144.477692,21.4370728,45.4320755,103.809402
1784708166346,31.7868061,56.1849022,144.609055,21.3237019,45.4775467,103.72599
1784708166389,31.4154644,56.7515411,144.641418,21.1045418,45.6145401,103.625282
1784708166432,31.059866,56.902317,144.360031,21.1142273,45.9383888,103.652046
1784708166476,30.7207031,56.730545,144.089554,21.1635685,46.0917778,103.716606
1784708166519,30.3748779,56.6381607,143.854294,21.1763802,46.0142975,103.759003
1784708166563,29.87257,56.6998978,143.527573,21.2886524,45.9616051,103.870743
1784708166606,29.2706718,56.9640274,143.357086,21.3172188,45.9693222,103.931152
1784708166649,28.6704769,57.187336,143.162903,21.3431759,46.0714378,103.971916
1784708166692,28.1259708,57.3576584,143.148911,21.305666,46.0872803,103.99485
1784708166735,27.5994701,57.6901245,143.326233,21.3128109,46.0001068,103.958153
1784708166779,27.1461601,58.0743523,143.41217,21.1498146,46.026825,103.89386
1784708166823,26.7917118,58.3907433,143.402573,21.1189423,46.2008476,104.019867
1784708166866,26.4784355,58.6183739,143.46405,21.2137413,46.3176155,104.172852
1784708166909,26.1842155,58.6094437,143.396362,21.21134,46.4475594,104.230667
1784708166954,26.0204544,58.6258507,143.354446,21.1341515,46.4353371,104.208466
1784708166998,25.9115696,58.6142273,143.27301,21.1897011,46.4686775,104.27626
1784708167041,25.8278255,58.5942154,143.23381,21.1903629,46.5249786,104.250526
1784708167084,25.8921432,58.530098,143.272659,21.0952492,46.5739326,104.09684
1784708167127,26.2051525,58.6057739,143.333588,20.8532028,46.5591049,103.884499
1784708167170,26.7929096,58.6410446,143.321823,20.7083912,46.7521095,103.887733
1784708167213,27.7985821,59.2861328,144.759155,20.7491436,46.2265892,103.649788
1784708167257,28.6448326,59.6007462,145.235504,20.8496876,46.2703934,103.662781
1784708167300,29.5788136,60.0299454,145.953781,20.7071037,46.2449722,103.576805
1784708167343,30.5673676,60.495739,146.766968,20.7140656,46.2787247,103.591042
1784708167386,31.4505596,60.4485168,146.593552,20.5880585,46.7254372,103.731201
1784708167429,32.7469521,60.7825356,147.594437,20.46661,46.6395912,103.540901
1784708167472,34.2011147,61.1991501,148.609146,20.4090919,46.4902,103.31472
1784708167515,35.8737602,61.6922264,149.540939,20.204319,46.4974251,103.073044
1784708167558,37.5517693,61.6061592,149.340622,19.6661148,47.1589813,103.118828
1784708167600,40.2120628,62.7944641,151.21553,20.1128387,46.097908,102.437164
1784708167644,42.854248,63.0595932,152.944809,20.1627293,46.0865555,102.412498
1784708167687,44.7998924,62.8502769,152.717072,20.2440472,46.375843,102.582062
1784708167730,46.7392082,62.8948441,153.591461,20.3210907,46.1201019,102.378036
1784708167772,48.4174194,62.807991,154.187332,20.2102547,45.9862022,102.057159
1784708167815,50.1929932,62.5357475,154.57399,20.0374794,45.9967079,101.740158
1784708167858,52.1475983,62.1781082,154.782806,20.0093212,46.0514793,101.584785
1784708167901,54.2229347,61.8970795,155.275482,20.1249142,45.9663773,101.553207
1784708167943,56.0683098,61.5621262,155.696655,20.4382153,45.9015541,101.720406
1784708167986,57.7967148,61.402607,156.424149,20.5530605,45.6787567,101.780846
1784708168029,59.2927055,61.2352448,157.126129,20.7863083,45.5837135,101.892982
1784708168072,60.6537628,61.0754471,158.014618,20.9720612,45.425705,101.885567
1784708168114,61.8790092,60.8984985,158.872482,21.0135956,45.3007393,101.760818
1784708168157,63.091568,60.76717,159.593338,21.0479107,45.2194252,101.710396
1784708168200,64.4394226,60.5492592,160.139404,21.0510349,45.2284775,101.798859
1784708168243,65.8903275,60.2024879,160.718658,21.3602524,45.2395935,101.971695
1784708168285,67.3810043,59.685482,161.474854,21.4764614,45.0946426,101.966545
1784708168328,68.752594,59.3360596,161.998444,21.3871613,44.911644,101.850388
1784708168371,70.098587,59.2541237,162.405823,21.3535213,44.7903061,101.778435
1784708168414,71.468338,59.3914604,162.811066,21.4736042,44.7645264,101.733467
1784708168456,72.7432251,59.2718697,163.186401,21.6557026,44.8260536,101.760132
1784708168499,73.8863602,58.8678513,163.472427,21.7727318,44.8895149,101.769333
1784708168542,74.9439163,58.4059372,163.576355,21.7893257,44.8794441,101.71328
1784708168584,76.0640335,58.0804176,163.781342,21.7474327,44.8179932,101.581573
1784708168627,77.2561035,57.9134064,163.776291,21.5183887,44.8044739,101.332146
1784708168669,78.4941101,57.570446,163.348709,21.4482079,44.9977188,101.308472
1784708168712,79.8928986,57.2220078,162.965744,21.289547,45.0947456,101.146744
1784708168755,81.271965,56.6443977,162.353714,21.32304,45.2749329,101.100548
1784708168798,82.7230072,56.181263,161.701569,21.2960415,45.3201256,100.995705
1784708168840,83.9780807,55.8227196,160.990051,21.3545628,45.4480171,101.040993
1784708168883,85.0460052,55.529068,160.208267,21.3695927,45.5556488,101.036674
1784708168925,86.0287399,55.2241898,159.558273,21.4624233,45.7527161,101.060509
1784708168968,86.907547,54.8682289,158.844086,21.5598927,45.9520912,101.075668
1784708169011,87.8583908,54.5634804,158.298996,21.636776,46.1122856,101.085907
1784708169054,88.7755508,54.2590103,157.788681,21.8336506,46.2561111,101.19371
1784708169096,89.6699371,54.0570679,157.396927,22.0536175,46.3312492,101.319046
1784708169139,90.5079041,53.8948288,157.083496,22.3187771,46.4685593,101.525162
1784708169182,91.3237381,53.699295,157.036972,22.4920883,46.5166206,101.639153
1784708169225,92.1429596,53.4751129,156.991165,22.5422344,46.6415558,101.693802
1784708169267,92.9926605,53.2112617,157.052475,22.7386189,46.6771812,101.774857
1784708169310,93.7601166,53.006218,157.024521,22.7532902,46.7077675,101.75341
1784708169354,94.4603653,52.7274933,156.687912,22.8722477,46.8741455,101.847969
1784708169397,95.1359253,52.2763786,156.106644,22.9263039,47.0839157,102.006683
1784708169440,95.5878906,51.5967751,155.130417,23.1427174,47.445652,102.182976
1784708169483,95.7571945,50.6486549,153.855118,23.6064014,47.8400993,102.731155
1784708169526,96.1242447,49.925396,152.899475,23.7977161,48.0966835,102.841499
1784708169570,97.3033066,49.6435165,152.749802,22.1826611,48.0000114,101.504303
1784708169614,97.6996689,49.2028046,152.030853,22.0476837,48.2351036,101.418411
1784708169657,97.9783936,48.7304497,151.368057,22.063221,48.4188576,101.476425
1784708169700,98.2199097,48.324604,151.031998,22.2045021,48.5908432,101.577805
1784708169744,100.223495,48.8180008,154.740662,23.1942329,47.514595,101.497322
1784708169787,100.596497,48.5287628,154.695618,23.126421,47.5513229,101.401962
1784708169830,101.141808,48.3697357,154.939758,23.3300457,47.5607376,101.468384
1784708169874,101.595734,48.2803459,155.349396,23.5114994,47.4962006,101.538452
1784708169917,102.020798,48.146328,155.961731,23.6545181,47.44907,101.610115
1784708169960,102.366829,48.028019,156.550949,23.7319355,47.366375,101.625214
1784708170004,102.800705,47.9169121,157.156082,23.6971226,47.3134422,101.53849
1784708170047,103.17289,47.7144241,157.26123,23.7080765,47.4065361,101.519318
1784708170090,103.680519,47.4565201,157.412155,23.8327408,47.4707451,101.559143
1784708170133,104.123207,47.1195488,157.37468,23.9031849,47.5593109,101.612289
1784708170176,104.581985,46.6669083,157.243454,23.9906864,47.6632576,101.66819
1784708170219,105.018616,46.2929878,157.036819,24.0375156,47.7386055,101.708992
1784708170263,105.492111,45.9109154,156.726807,24.1335659,47.8886986,101.755882
1784708170306,106.094803,45.4245377,156.421539,24.2791309,48.1053276,101.798058
1784708170349,105.815208,44.5547295,154.66745,24.8922577,48.6156616,102.56884
1784708170393,106.349442,44.2623215,153.944473,24.9389591,48.7261238,102.61483
1784708170438,106.629356,44.0504379,152.709717,25.1560917,49.1585464,102.96891
1784708170482,107.311348,43.8629417,152.144669,25.3474712,49.3375282,103.141586
1784708170526,107.479309,43.2795143,151.044022,25.6625652,49.7566338,103.529449
1784708170570,107.804298,42.7226982,150.102203,25.7007141,49.997982,103.599342
1784708170614,107.870087,42.1463928,148.811691,26.0116577,50.3142014,103.882393
1784708170659,107.870087,42.1463928,148.811691,26.0116577,50.3142014,103.882393
1784708170708,107.870087,42.1463928,148.811691,26.0116577,50.3142014,103.882393
1784708170757,107.870087,42.1463928,148.811691,26.0116577,50.3142014,103.882393
1784708170806,107.870087,42.1463928,148.811691,26.0116577,50.3142014,103.882393
1784708170855,107.870087,42.1463928,148.811691,26.0116577,50.3142014,103.882393
1784708170903,107.870087,42.1463928,148.811691,26.0116577,50.3142014,103.882393
1784708170953,107.870087,42.1463928,148.811691,26.0116577,50.3142014,103.882393
1784708171001,107.870087,42.1463928,148.811691,26.0116577,50.3142014,103.882393
1784708171050,107.870087,42.1463928,148.811691,26.0116577,50.3142014,103.882393
1784708171099,107.870087,42.1463928,148.811691,26.0116577,50.3142014,103.882393
1784708171148,107.870087,42.1463928,148.811691,26.0116577,50.3142014,103.882393
1784708171197,107.870087,42.1463928,148.811691,26.0116577,50.3142014,103.882393
1784708171245,107.870087,42.1463928,148.811691,26.0116577,50.3142014,103.882393
1784708171294,107.870087,42.1463928,148.811691,26.0116577,50.3142014,103.882393
1784708171343,107.870087,42.1463928,148.811691,26.0116577,50.3142014,103.882393
1784708171392,107.870087,42.1463928,148.811691,26.0116577,50.3142014,103.882393
1784708171440,109.159943,40.8522797,148.934174,27.9953365,50.3090096,105.52829
1784708171486,109.150024,41.0289574,149.137115,27.7001953,50.2778091,105.249374
1784708171531,109.090668,41.1931915,149.167984,27.4988289,50.3121071,105.111931
1784708171576,109.001335,41.2411118,149.180511,27.4213333,50.2906723,105.105492
1784708171622,108.985855,41.3026695,149.323151,27.2979927,50.2221718,105.004143
1784708171667,109.089935,41.4754105,149.937256,27.1165695,50.0189171,104.782059
1784708171713,109.162842,41.7522049,150.755981,26.7714481,49.8224869,104.426178
1784708171758,109.250015,42.0344734,151.858002,26.5447884,49.5769806,104.152542
1784708171802,109.356728,42.3937073,153.316711,26.1079693,49.1940041,103.629982
1784708171846,109.19619,42.758564,154.494431,25.6684361,48.8563156,103.225922
1784708171891,109.219711,43.3791046,156.022919,25.250246,48.3852844,102.709755
1784708171935,108.731628,43.9579315,156.87149,24.9604874,48.1189232,102.484451
1784708171979,109.031342,44.7921562,158.870163,24.2498379,47.5489159,101.678665
1784708172023,108.406357,45.1339073,159.790802,24.1712456,47.2901077,101.629646
1784708172066,107.655556,45.4519463,160.749191,24.0016842,46.9213257,101.429474
1784708172109,105.211212,45.0731239,157.946594,22.6748905,47.7448807,101.146515
1784708172152,103.620728,45.3146172,158.260727,24.4506092,47.6558838,102.416435
1784708172195,103.013641,45.7986603,159.181305,24.2231312,47.3861694,102.180382
1784708172239,102.811066,46.5216942,160.769684,23.4767742,46.8439331,101.321342
1784708172282,102.053459,47.2317543,161.534134,23.1625862,46.5996628,101.033791
1784708172324,101.318245,47.7206993,161.803024,22.9305878,46.5852776,100.904671
1784708172367,100.809547,47.9510193,161.729538,22.5877571,46.623394,100.762321
1784708172410,100.340019,48.2105522,161.373535,22.4346714,46.5191383,100.652031
1784708172453,99.8832703,48.7903214,161.08284,22.3255825,46.4393272,100.647636
1784708172496,99.2984772,49.5118523,160.942184,22.2746353,46.4191208,100.715683
1784708172539,98.5331802,50.0604286,160.888855,22.2892265,46.4750977,100.735085
1784708172582,97.7627563,50.5100594,160.937286,22.1877384,46.4543686,100.601982
1784708172624,96.9860382,50.8398399,160.482178,21.8996353,46.5446777,100.400703
1784708172667,96.4701309,51.2872162,160.346176,21.8860531,46.5205803,100.316475
1784708172710,95.9381638,51.7628746,160.240204,21.8849697,46.4712486,100.39975
1784708172754,95.3317261,52.3206215,160.424316,21.9031773,46.3051262,100.585327
1784708172796,94.6876373,52.8152542,161.031357,22.0064526,46.1043282,100.764061
1784708172839,93.8950424,53.1839371,161.645248,21.8194427,45.9244041,100.633675
1784708172882,92.9396896,53.3542061,162.076874,21.6984978,45.8240089,100.521446
1784708172925,91.8662033,53.6207008,162.417358,21.5616856,45.7008286,100.428169
1784708172967,90.5657501,53.6898117,162.822113,21.6462364,45.7025566,100.539795
1784708173010,89.198204,53.7029572,163.38295,21.6344624,45.6063576,100.585167
1784708173053,87.8276749,53.7376366,163.984543,21.5842228,45.4561119,100.573242
1784708173096,86.5780106,53.948967,164.610977,21.5635853,45.2444954,100.601646
1784708173139,85.3460083,54.3421135,165.340607,21.7366314,45.0028381,100.805496
1784708173182,84.0622559,54.923584,166.370651,21.827858,44.7474174,100.926804
1784708173225,82.762619,55.7378731,167.576569,21.7690716,44.505825,100.867416
1784708173267,81.4323196,56.6001053,168.561295,21.6860714,44.3608398,100.809769
1784708173310,80.2687302,57.3185425,169.321075,21.5203934,44.4519119,100.837524
1784708173353,79.3759079,57.7569504,170.081711,21.4058723,44.4037094,100.863281
1784708173396,78.5733185,58.0784683,170.713791,21.3411274,44.3619347,100.952698
1784708173439,77.8122025,58.2932663,171.264282,21.3200989,44.2827377,100.96109
1784708173482,77.0562515,58.2568092,171.453583,21.2079449,44.3711243,100.977234
1784708173525,76.4285812,58.2290192,171.605072,20.9550095,44.2831078,100.821373
1784708173567,75.8217163,58.1457634,171.498962,20.8121796,44.3710251,100.713333
1784708173610,75.2655106,57.9538689,171.20311,20.6291161,44.4907837,100.620064
1784708173653,74.7524567,57.5224991,170.851547,20.6450691,44.6411972,100.659363
1784708173696,74.2475357,57.1918335,170.554214,20.4578819,44.5811043,100.580254
1784708173740,73.7368469,56.8673973,170.23204,20.4516544,44.615406,100.558243
1784708173783,73.160408,56.6627426,169.940811,20.3082409,44.5677452,100.500092
1784708173826,72.5335846,56.6021614,169.758636,20.2395344,44.5649834,100.471619
1784708173869,71.9729691,56.7143631,169.736008,20.0226421,44.4676666,100.332542
1784708173911,71.4337769,56.8619576,169.744736,19.9327526,44.4783936,100.283638
1784708173954,70.8304977,57.039711,169.678955,19.8332462,44.4472275,100.197311
1784708173997,70.247612,57.297699,169.644058,19.6851959,44.4055595,100.158134
1784708174040,69.6634064,57.5854034,169.592438,19.6199665,44.3377457,100.193123
1784708174083,68.9689865,57.69627,169.524536,19.7164955,44.3770065,100.380165
1784708174126,68.0796585,57.8420868,169.463257,19.7004261,44.2204514,100.426552
1784708174168,66.9465408,58.0623055,169.203583,19.7793159,44.2655754,100.536079
1784708174211,65.6792068,58.208477,169.126892,19.8828144,44.3214111,100.709732
1784708174254,64.2458115,58.1454887,168.82782,19.8367023,44.4152451,100.746841
1784708174296,62.9905052,58.0376434,168.514145,19.6669102,44.4874535,100.732986
1784708174339,61.8535233,57.9806671,168.13031,19.5967846,44.4528427,100.842926
1784708174382,60.6947174,58.0054741,167.890381,19.8320503,44.4388313,101.121071
1784708174425,59.357502,58.0300636,167.633194,19.8685856,44.4096298,101.282181
1784708174467,57.8738251,57.9921951,167.512634,20.0405464,44.4855957,101.454773
1784708174511,56.3798752,57.975708,167.553635,19.9194641,44.3754501,101.397507
1784708174554,54.7264061,57.8831902,167.130264,19.9803619,44.5422211,101.550713
1784708174596,53.2172852,57.8340874,166.909683,20.0353298,44.5853004,101.732674
1784708174639,51.7483101,57.7695389,166.760559,20.1524715,44.6073837,101.987411
1784708174682,50.4054871,57.7735176,166.954391,20.201582,44.5153275,102.122154
1784708174725,49.0540276,57.7457695,167.081543,20.2490501,44.4930344,102.258858
1784708174767,47.6895485,57.7820435,167.155426,20.2177696,44.4598427,102.333969
1784708174810,46.4367371,57.9764786,167.385147,20.1272449,44.3662949,102.372398
1784708174853,45.2059555,58.2502289,167.709274,20.1827927,44.2765732,102.513397
1784708174896,43.8919945,58.4499092,167.948059,20.241539,44.2497902,102.695526
1784708174939,42.4988174,58.4776306,167.971375,20.2113438,44.3050499,102.780006
1784708174982,41.2467117,58.4214668,167.86821,20.0053043,44.3930779,102.745041
1784708175025,40.3181839,58.4630814,167.802719,19.917326,44.3629875,102.651161
1784708175067,39.6070671,58.4458008,167.641968,19.8073349,44.4339752,102.667213
1784708175110,38.8904419,58.3803406,167.25769,19.8144741,44.4686699,102.734352
1784708175153,38.2302704,58.4198914,167.131866,19.7996273,44.4402237,102.813766
1784708175196,37.5301857,58.5724525,167.142319,19.7879848,44.2856941,102.764709
1784708175239,36.7405663,58.6654472,166.752808,19.6557846,44.3875389,102.699158
1784708175282,36.1482315,58.7191505,166.464218,19.415823,44.4749374,102.5606
1784708175326,35.7180214,58.7193794,165.994278,19.310463,44.5736313,102.498695
1784708175369,35.4017105,58.770752,165.697464,19.1913109,44.4800224,102.44352
1784708175412,35.0498238,58.9355316,165.260147,19.0345173,44.5188828,102.409317
1784708175454,34.6651001,59.0694427,164.99025,19.0525761,44.5036583,102.366722
1784708175497,34.1985741,59.1723289,164.605423,19.0564137,44.5490646,102.37352
1784708175540,33.5865288,59.2942047,164.30452,19.0818424,44.497982,102.374321
1784708175583,32.8742332,59.5334015,163.991928,19.0476589,44.5025826,102.370407
1784708175626,32.1759872,59.7885437,163.631531,19.039814,44.4698944,102.414803
1784708175669,31.4584732,60.0669594,163.364899,19.1327534,44.5434723,102.551521
1784708175712,30.5551968,60.1323357,163.035934,19.3136024,44.6437111,102.751297
1784708175755,29.530201,60.3526688,163.086227,19.4324684,44.5365372,102.847565
1784708175798,28.3377419,60.7228241,163.255142,19.56987,44.3453102,102.950882
1784708175840,27.0551205,61.0521202,163.230835,19.588541,44.3932762,103.118423
1784708175883,25.9024315,61.4215698,163.235001,19.4901295,44.4069824,103.243385
1784708175926,24.9327583,61.5913696,163.160767,19.6344776,44.5479507,103.524506
1784708175970,24.0630283,61.6799507,163.168945,19.7704887,44.5212288,103.765396
1784708176012,23.1742897,61.8529091,163.256119,19.9352722,44.3943214,103.983246
1784708176056,22.2405014,62.1862679,163.338928,20.0005779,44.274929,104.080872
1784708176099,21.3298435,62.5513763,163.394913,20.133358,44.2994461,104.219978
1784708176142,20.2948055,62.8304443,163.391998,20.391428,44.3313141,104.482658
1784708176185,19.2171974,62.9018822,163.280609,20.5178623,44.4797134,104.70488
1784708176228,18.2592411,62.7353668,163.393906,20.6680775,44.5942268,104.947624
1784708176271,17.3355217,62.6421509,163.548218,20.7107811,44.4077721,105.072517
1784708176314,16.4765015,62.7131729,163.747238,20.7830143,44.3278999,105.235298
1784708176356,15.739851,63.0372963,163.987885,20.8475571,44.2169113,105.357506
1784708176400,15.0482578,63.3852882,164.216782,20.8894176,44.228241,105.499908
1784708176443,14.4635267,63.8539619,164.599854,20.8012466,44.1746635,105.499329
1784708176486,14.0445213,64.211998,164.966354,20.7807045,44.2552681,105.483978
1784708176529,13.832058,64.5308762,165.392639,20.6618614,44.1868248,105.399216
1784708176572,13.7591715,64.8129654,165.760406,20.627655,44.1122551,105.398384
1784708176615,13.7179518,65.0644073,165.968216,20.6892357,44.0325241,105.492111
1784708176658,13.5922289,65.1681976,165.918396,20.9201736,44.0888748,105.659912
1784708176700,13.4416513,65.2766953,165.98967,20.9609222,44.0173759,105.681511
1784708176743,13.3536901,65.2036133,165.72348,20.8646049,44.1865044,105.637657
1784708176786,13.4715948,65.0136261,165.462112,20.7284641,44.2551041,105.555946
1784708176829,13.6889658,64.9201813,165.304916,20.6872768,44.1974907,105.516891
1784708176872,13.9153051,64.845253,165.147125,20.7472229,44.1228828,105.532516
1784708176917,14.1848106,64.7452469,164.856247,20.6878242,44.1336784,105.5177
1784708176960,14.3452215,64.4940186,164.330261,20.8500862,44.2500801,105.593895
1784708177003,14.5160351,64.3084946,163.990555,20.6049118,44.2813301,105.504379
1784708177049,14.7974377,64.0701599,163.516724,20.5095158,44.3547859,105.383934
1784708177092,15.2784948,63.9622688,163.179108,20.3458748,44.2665634,105.272972
1784708177135,15.7231321,63.7740936,162.736679,20.5219021,44.2980766,105.400436
1784708177178,15.9686413,63.5344429,162.22023,20.7731152,44.3108597,105.648842
1784708177221,16.0572815,63.4105072,161.845978,20.9688187,44.2441101,105.840866
1784708177264,16.0635548,63.2747688,161.545242,21.044157,44.2597656,105.876472
1784708177307,16.1479988,63.1857948,161.090805,20.9444675,44.2521591,105.797348
1784708177350,16.3124542,63.211071,160.662521,21.0306015,44.256115,105.807495
1784708177393,16.5164776,63.2719421,160.159805,21.1795578,44.3493919,105.923668
1784708177435,16.7305012,63.2959976,159.810577,21.2472134,44.4258499,106.096794
1784708177479,16.932251,63.3117676,159.764099,21.4767799,44.3315125,106.201256
1784708177521,17.0756321,63.539669,159.706894,21.5240326,44.1291847,106.11525
1784708177564,17.2332058,64.1366119,159.583694,21.4266148,43.9893608,106.007492
1784708177607,17.3732643,64.8022766,159.480286,21.5228882,44.0580406,106.097488
1784708177650,17.4343357,65.2802734,159.377945,21.4752159,44.3180542,106.190857
1784708177693,17.4132462,65.4053192,159.2211,21.5037994,44.5784683,106.215157
1784708177736,17.3609447,65.4815445,159.002686,21.393364,44.6288643,106.217171
1784708177779,17.1668434,65.6165695,158.804291,21.4194031,44.7249527,106.359009
1784708177822,16.7284908,65.4323425,158.134293,20.9199486,45.1843071,106.568588
1784708177865,16.2002258,66.138382,158.290863,22.1244297,44.3867302,106.435425
1784708177909,15.6489658,66.1628036,158.110199,22.0385075,44.4842567,106.389717
1784708177952,14.9643021,66.1625595,157.912155,22.0805931,44.543396,106.362686
1784708177995,14.1654425,66.1837158,157.863632,22.1129456,44.5341721,106.365341
1784708178038,13.24263,66.2331619,157.801788,22.0574627,44.5513153,106.443237
1784708178082,12.2285624,66.4079437,157.917999,22.0451298,44.452507,106.50238
1784708178125,11.0680332,66.6550827,158.104614,22.114193,44.4006996,106.578186
1784708178169,9.7888813,66.8797607,158.343994,22.0363846,44.3809204,106.593903
1784708178212,8.45264721,67.1020432,158.598465,21.9150887,44.4293976,106.6185
1784708178255,7.07011604,67.2771835,158.889069,21.8113194,44.4104538,106.608009
1784708178299,5.69390249,67.2918015,158.906296,21.7301636,44.5652657,106.659882
1784708178342,4.30345774,67.3381805,159.182999,21.7845364,44.4871902,106.756714
1784708178386,2.86211538,67.3864136,159.242035,21.7230949,44.5115547,106.817825
1784708178430,1.45096362,67.4344635,159.466904,21.6488819,44.5019569,106.844215
1784708178473,-0.0588656403,67.5118027,159.616638,21.5760479,44.5053253,106.923683
1784708178516,-1.61906266,67.7431183,159.96991,21.4704494,44.3589478,106.924797
1784708178560,-3.14635849,67.9380035,159.996826,21.3251247,44.4350967,106.893631
1784708178603,-4.53425694,68.0247803,160.190887,21.1515923,44.5376167,106.899994
1784708178646,-5.91808748,68.0484238,160.412247,21.1747379,44.4848213,106.987396
1784708178689,-7.42882872,68.0888519,160.640869,21.218462,44.4322281,107.114861
1784708178733,-9.09926605,68.2131577,160.87851,21.3590202,44.2607117,107.235542
1784708178776,-10.7825432,68.5616837,161.280411,21.2726898,44.0906906,107.252762
1784708178819,-12.3920212,68.8797913,161.363403,21.0813923,44.0963783,107.21125
1784708178863,-13.828618,69.3183823,161.632797,20.9501171,44.068119,107.157875
1784708178906,-15.2222052,69.5762634,161.770416,20.8916264,44.0343819,107.192932
1784708178949,-16.5691071,69.6650009,161.7453,20.8725624,44.1228371,107.3172
1784708178993,-18.0403595,69.7484589,161.62941,20.9550667,43.990036,107.423286
1784708179036,-19.5858974,69.7908173,161.341354,20.9026012,44.1232834,107.476318
1784708179080,-21.1819229,70.0063248,161.277451,20.8379879,43.9695396,107.479172
1784708179123,-22.595089,70.0551987,160.879623,20.5615673,44.1523056,107.423714
1784708179167,-23.8144207,69.9962158,160.451935,20.4063778,44.2865639,107.423416
1784708179210,-24.9078789,70.0306931,160.307266,20.3157158,44.2227097,107.445457
1784708179253,-25.8771896,69.8853836,159.838089,20.292717,44.3403702,107.542587
1784708179297,-26.8474331,69.9929733,159.823975,20.3058701,44.2059364,107.568268
1784708179340,-27.8071232,70.0767746,159.761002,20.320919,44.2873611,107.612206
1784708179383,-28.7934418,70.0831757,159.704788,20.2512207,44.298233,107.631752
1784708179426,-29.7555237,70.1802139,159.876465,20.1063633,44.3854179,107.611526
1784708179470,-30.6979809,70.1569901,160.277374,20.0579109,44.2812958,107.610901
1784708179513,-31.663147,70.0936432,160.467957,20.1709976,44.2742653,107.721413
1784708179556,-32.6657944,70.0215607,160.836838,20.1155796,44.2150383,107.792091
1784708179600,-33.6629524,69.9988251,161.295944,20.1607838,44.0973053,107.870995
1784708179643,-34.6144409,69.9111786,161.507828,20.1553135,44.1367569,107.859818
1784708179687,-35.5513573,69.8800049,161.970169,20.0535297,44.0530815,107.811218
1784708179730,-36.40028,69.7301483,162.214127,19.9723434,43.9990196,107.820877
1784708179774,-37.183918,69.310318,162.345108,19.9524994,44.1210899,107.931465
1784708179817,-38.0694847,68.8561783,162.35997,20.0982285,44.0466194,108.068085
1784708179860,-39.0643921,68.4747086,162.407074,20.1074352,44.0582619,108.141548
1784708179904,-40.0648003,68.2924728,162.491501,20.0341873,43.9329338,108.098022
1784708179947,-40.9190216,68.1338043,162.80864,19.8225269,43.9585266,108.00222
1784708179991,-41.7480545,68.2758942,165.151382,18.2920723,43.5926704,107.74173
1784708180034,-42.1831627,67.8054047,164.503525,18.9821644,43.7157135,107.829529
1784708180078,-42.6925125,67.5227127,164.546936,19.2384167,43.5946388,107.969292
1784708180121,-43.2924423,67.2452393,164.608429,19.4702034,43.5394325,108.113403
1784708180163,-44.0633469,67.1114731,164.801376,19.717329,43.3990822,108.245903
1784708180206,-44.9062614,67.0164719,164.999863,19.8709431,43.4672813,108.376923
1784708180249,-45.8148918,67.106926,165.593399,19.938097,43.3653641,108.48555
1784708180292,-46.6618385,67.1188354,166.409744,19.9326725,43.2736588,108.519257
1784708180336,-47.3632851,67.1683578,167.363434,19.779665,43.0769539,108.499214
1784708180379,-48.0401993,67.237175,168.076172,19.9304104,42.9105835,108.646652
1784708180422,-48.8332825,67.5011215,168.866852,20.0218201,42.7804565,108.760757
1784708180465,-49.6074753,67.6621323,169.472992,20.0109806,42.8311043,108.817032
1784708180507,-50.3853951,67.8452988,170.322433,19.9836788,42.6886864,108.889648
1784708180551,-51.0178413,67.9854355,171.001572,19.9177418,42.6351128,108.959648
1784708180594,-51.5411797,67.9932098,171.57695,19.9200153,42.6154556,109.051025
1784708180637,-52.0567856,67.9422379,172.047379,20.0472927,42.5551605,109.202606
1784708180680,-52.6086693,67.9161911,172.481857,20.0577774,42.4822388,109.265915
1784708180723,-53.0869865,67.9469833,172.940262,19.9890614,42.4180412,109.26767
1784708180765,-53.399662,67.9918137,173.238586,19.8167534,42.3861465,109.235207
1784708180808,-53.6260681,68.0292587,173.590744,19.8017025,42.3828659,109.272285
1784708180852,-53.727314,67.8742828,173.673279,19.7920704,42.5257607,109.247375
1784708180895,-53.8839951,67.6996078,173.712372,19.768425,42.5272293,109.233803
1784708180938,-54.3146591,67.5469131,173.779297,20.0487118,42.3960228,109.400902
1784708180981,-54.9173737,67.5239868,173.556976,20.0632534,42.4293251,109.399208
1784708181024,-55.6220779,67.4820099,173.616394,19.965704,42.5122528,109.367172
1784708181067,-56.2567139,67.4257812,173.759781,19.7853413,42.4498253,109.320297
1784708181110,-56.7216835,67.2136307,173.723068,19.7261391,42.5588684,109.338722
1784708181153,-57.2150803,67.0696487,173.813782,19.8284645,42.3745041,109.423866
1784708181196,-57.7288246,66.9456635,173.788422,19.8662548,42.4129448,109.52137
1784708181239,-58.3260193,66.9065933,173.75853,20.0437756,42.288002,109.602242
1784708181283,-59.0069923,66.8349304,173.534241,20.0195808,42.4216881,109.672035
1784708181326,-59.8455048,66.66008,173.526062,20.0565205,42.4393272,109.770569
1784708181369,-60.7175217,66.6257324,173.423004,19.9983635,42.397171,109.818825
1784708181412,-61.4761467,66.6460724,173.38475,19.8640251,42.3757782,109.792763
1784708181455,-62.0132523,66.822731,173.447418,19.7705784,42.2401085,109.750969
1784708181498,-62.3356171,66.8886185,173.487579,19.7021542,42.295414,109.74958
1784708181541,-62.5928688,66.8351822,173.414948,19.6582355,42.2384644,109.788658
1784708181585,-62.9827003,66.8106308,173.144928,19.8521576,42.2392998,109.896103
1784708181628,-63.5522614,66.9610825,172.879791,20.0051136,42.1976662,109.992241
1784708181670,-64.2624283,67.1663742,172.774918,19.9793854,42.293396,110.065041
1784708181714,-64.9056702,67.2501068,172.770203,19.8906898,42.339138,110.040077
1784708181757,-65.4278107,67.3824234,172.844452,19.7716484,42.296505,110.017792
1784708181801,-65.8813782,67.615654,173.075394,19.7750721,42.1947784,110.061195
1784708181844,-66.2608871,67.8104706,173.218414,19.8578453,42.1608276,110.180817
1784708181887,-66.6722488,68.0183411,173.508194,19.8876171,42.1499939,110.299622
1784708181930,-67.0887527,68.2554932,173.68219,19.9710083,42.0845337,110.358643
1784708181973,-67.5612564,68.6558304,174.004089,20.0088062,41.981617,110.419037
1784708182016,-67.9920502,69.0711288,174.165405,20.0294647,41.9248543,110.507118
1784708182059,-68.4421082,69.5709991,174.524963,19.9919949,41.9440041,110.519661
1784708182103,-68.6944809,69.8917847,174.875748,19.9453506,42.0109825,110.486725
1784708182146,-68.7133484,70.2717056,175.47818,19.7399979,41.915802,110.387199
1784708182190,-68.5540695,70.890625,176.241196,19.8022289,41.6526642,110.354706
1784708182232,-68.1968842,71.5513916,176.910583,19.5488052,41.5571022,110.239548
1784708182275,-67.868248,72.178978,177.549637,19.5300179,41.3980484,110.256279
1784708182318,-67.8354263,72.9368744,178.262131,19.3062172,41.2842903,110.14949
1784708182361,-68.0189896,73.6255875,178.808578,18.8846588,41.3070488,109.893425
1784708182405,-68.202179,74.0291367,179.072037,18.358242,41.4355316,109.684105
1784708182448,-68.2659073,74.1328964,178.86058,18.107481,41.5262108,109.624489
1784708182491,-68.3144608,73.9936218,178.454727,17.9016705,41.7749901,109.595268
1784708182534,-68.3772125,73.4513474,177.537872,18.1848125,41.981369,109.715675
1784708182577,-68.7827225,72.9932632,176.782379,18.4461288,41.912159,109.868805
1784708182620,-69.5483704,72.7455444,176.056488,18.6199932,41.9160004,110.046127
1784708182663,-70.888916,72.8808594,176.276688,18.4837856,41.73806,110.251282
1784708182707,-72.1402435,72.685463,175.84227,18.4114227,41.9379005,110.364883
1784708182750,-73.1104507,72.1194458,174.655167,18.7348728,42.3728523,110.433075
1784708182793,-74.3050537,71.9055176,174.560364,18.8898239,42.3022766,110.535484
1784708182836,-75.4302368,71.7627716,174.656494,18.9703827,42.2330589,110.638512
1784708182879,-76.4972305,71.6102219,174.804459,19.2627048,42.169075,110.912628
1784708182922,-77.8668213,71.7173843,175.497223,19.4059887,41.8904724,111.268295
1784708182965,-79.0729904,71.552002,175.59314,19.8542919,41.873848,111.540878
1784708183008,-80.3435516,71.5682144,175.979813,19.9955254,41.6554947,111.66201
1784708183051,-81.5236664,71.6670609,176.44574,20.086235,41.6024475,111.781052
1784708183094,-82.4382248,71.5789871,176.646118,20.2871017,41.5737839,111.991791
1784708183138,-83.3632355,71.2473755,177.072983,20.3576412,41.635601,112.257378
1784708183181,-84.2501678,70.4548264,177.137802,20.6210232,41.705555,112.518639
1784708183224,-85.2323761,69.677269,177.061935,20.9300079,41.5834694,112.819275
1784708183267,-86.2776337,69.0478516,176.788849,21.2143726,41.5216637,113.109833
1784708183310,-87.4198227,68.6905212,176.586517,21.4101162,41.3741226,113.354515
1784708183353,-88.5145874,68.3325806,176.59581,21.4806652,41.4884109,113.501663
1784708183396,-89.3131485,67.7741547,176.683273,21.6209297,41.5194397,113.670517
1784708183439,-89.9828339,67.1526794,176.803345,21.9233742,41.3719444,113.966209
1784708183482,-90.6567154,66.6345673,176.894043,22.2307148,41.3249741,114.260315
1784708183525,-91.4635391,66.1996918,177.195724,22.4684925,41.2319717,114.534348
1784708183568,-92.2999191,65.7867508,177.420349,22.593483,41.2096214,114.679459
1784708183611,-93.2215118,65.5075607,177.86615,22.690836,41.0729256,114.74369
1784708183654,-93.9790344,65.3441925,178.285461,22.5655231,41.0849113,114.733673
1784708183697,-94.5477753,65.2692947,178.792572,22.5861931,40.9653587,114.760605
1784708183740,-94.9639664,64.9848251,179.448395,22.5423603,41.0702133,114.783394
1784708183783,-95.1696014,64.379364,180.121536,22.5484715,40.9999313,114.822403
1784708183826,-95.1330719,63.6707191,180.485901,22.6622982,40.9625473,114.873825
1784708183869,-94.981575,63.1856499,180.926376,22.617012,40.7973709,114.843277
1784708183912,-94.5755386,62.8683243,181.391678,22.4972954,40.7657738,114.683784
1784708183955,-93.9230576,62.5613518,181.827637,22.3185291,40.7363472,114.519928
1784708183998,-93.1533356,62.1698456,182.171341,22.2152843,40.7155228,114.363487
1784708184041,-92.3686295,61.7680969,182.514282,21.96241,40.7455139,114.150604
1784708184085,-91.6127243,61.2055206,182.739502,21.8580532,40.8279953,113.992737
1784708184128,-90.9997101,60.4113045,183.101639,21.6515408,40.9084549,113.811714
1784708184171,-90.218483,59.3886642,183.329529,21.8617992,40.9608154,113.714272
1784708184215,-89.4037857,58.356781,183.591492,21.4771976,40.9357719,113.65226
1784708184258,-88.7551422,57.3718414,183.810791,21.5921402,40.9036751,113.667809
1784708184301,-88.3513489,56.272625,184.00148,21.6729488,40.9552803,113.702637
1784708184343,-88.255188,55.0892029,184.110825,21.7710285,40.9552536,113.773056
1784708184386,-88.4093246,54.0899963,184.273422,21.774334,40.9083061,113.745773
1784708184429,-88.6772766,53.2633629,184.681519,21.7633724,40.8523865,113.719955
1784708184472,-88.8751373,52.4502335,185.309586,21.7652473,40.853138,113.730766
1784708184515,-88.9341049,51.5868378,185.851776,21.8491669,40.7530556,113.776436
1784708184558,-89.1568222,50.8782501,186.53186,22.0096741,40.6385155,113.905098
1784708184600,-89.531189,50.4137535,187.150253,22.1417522,40.5146713,113.928192
1784708184643,-90.0792847,50.1091194,188.109329,22.0756187,40.4187241,113.903664
1784708184686,-90.4506836,49.7428665,189.172333,21.9539204,40.3297043,113.896317
1784708184729,-90.6535416,49.3646774,190.213959,21.9346733,40.1658478,113.904137
1784708184772,-90.8311462,49.1885872,191.320679,21.9517555,39.9617271,113.944855
1784708184815,-90.9913788,49.1163521,192.072464,22.1087723,39.9074631,114.040779
1784708184857,-91.2911835,49.2278824,192.766891,22.2728443,39.7742195,114.117165
1784708184900,-91.715538,49.2816772,193.437347,22.2454758,39.8917351,114.103035
1784708184943,-92.1762009,49.1755791,193.942017,22.228775,39.8966522,114.04187
1784708184986,-92.5942993,49.0172844,194.441132,22.1562004,39.9045067,114.021049
1784708185028,-92.9156876,48.9936066,195.005692,22.0673771,39.8175735,113.999176
1784708185071,-93.09729,49.0647583,195.56015,21.9830208,39.7574844,113.993713
1784708185114,-93.2465515,49.1406937,196.003128,22.0691547,39.7190666,114.026299
1784708185157,-93.5224228,49.2029686,196.162567,22.1649818,39.7971497,113.982231
1784708185200,-93.999939,49.2530594,196.109879,22.1595192,39.8546104,113.946838
1784708185242,-94.5174408,49.2981911,196.20401,22.0389481,39.9361038,113.876259
1784708185289,-94.9133453,49.2445946,196.417862,21.9636955,40.0113258,113.830444
1784708185332,-95.1159515,49.0832787,196.590759,21.9521179,39.9694633,113.818336
1784708185374,-95.2120056,48.7769661,196.659164,21.9408894,39.9919586,113.884926
1784708185417,-95.3180771,48.3672562,196.672592,21.9342499,39.9951363,113.956108
1784708185460,-87.8775482,43.7426567,111.682213,-8.75889778,57.0488205,83.9255295
1784708185504,-87.529213,43.5241814,111.441933,-8.76747322,56.9802246,83.848877
1784708185548,-87.1480865,43.3400841,111.049217,-8.87676239,56.9646606,83.7711945
1784708185593,-86.7035446,43.2427444,110.703865,-9.00462723,56.9967003,83.6253433
1784708185639,-86.2020721,43.1460571,110.414551,-9.06466389,57.0332222,83.5084991
1784708185683,-85.8041382,43.0778465,110.25631,-9.09248257,57.0130882,83.4768295
1784708185727,-85.3596497,42.944458,109.859802,-9.13310432,57.0847626,83.4055634
1784708185772,-85.1303406,42.8044434,109.614594,-9.13227558,57.1086044,83.4235611
1784708185816,-84.9151001,42.494751,109.11454,-9.19301701,57.2057571,83.3624268
1784708185860,-84.8460922,42.1684494,108.682915,-9.25908566,57.2409477,83.2699509
1784708185904,-84.7888718,41.8312073,108.238968,-9.41545963,57.2081604,83.0437393
1784708185949,-84.6182022,41.4996758,108.031273,-9.69321156,57.1858101,82.7894974
1784708185993,-84.2895813,41.0830917,107.784912,-9.67277718,57.2646294,82.8056107
1784708186037,-84.0686188,40.6238976,107.580414,-9.56806278,57.3419838,82.9387436
1784708186082,-84.0774155,40.2460022,107.525764,-9.30961132,57.3089828,83.2393112
1784708186126,-84.203064,39.9052811,107.23925,-9.12874794,57.2963676,83.4605026
1784708186170,-84.4617691,39.6788902,106.962105,-9.01233196,57.2775917,83.5731812
1784708186214,-84.6361389,39.5068245,106.655777,-9.13224983,57.308136,83.4806824
1784708186259,-84.7432251,39.3292847,106.505013,-9.10874557,57.3331718,83.4815445
1784708186303,-84.7893143,39.0238686,106.245041,-8.93900013,57.4173088,83.5799255
1784708186348,-85.0138245,38.6431007,106.048981,-8.79650688,57.4618034,83.7715378
1784708186392,-85.2268372,38.2552872,105.611023,-8.59235001,57.4874802,83.9810181
1784708186437,-85.4621887,37.9282379,105.182404,-8.53913784,57.5239105,84.1140442
1784708186481,-85.6666107,37.7930908,104.632919,-8.42014885,57.4896927,84.1691666
1784708186526,-85.7282944,37.7618904,104.149254,-8.55208206,57.5334511,84.0404663
1784708186570,-85.6679916,37.6332321,103.581787,-8.56791306,57.6387711,83.8872528
1784708186615,-85.5953903,37.3511734,103.04908,-8.69791126,57.7013893,83.7387772
1784708186661,-85.357399,36.9390564,102.374786,-8.8061552,57.7755508,83.562149
1784708186706,-85.1685562,36.4340897,101.954033,-8.91408253,57.8636551,83.5918579
1784708186751,-84.9402924,35.876049,101.374992,-8.85298157,57.9352646,83.6753159
1784708186795,-84.6994858,35.4435768,100.851883,-8.82287407,57.9137611,83.681694
1784708186840,-84.3455963,35.1654968,100.395401,-8.89094067,57.8963242,83.6621933
1784708186884,-83.9845963,34.950222,99.9773636,-8.81513977,57.9254036,83.7160034
1784708186929,-83.7437134,34.6669731,99.6232452,-8.7658596,58.001812,83.8471298
1784708186973,-83.5498886,34.2820587,98.9729233,-8.69105339,58.1144791,83.9093781
1784708187017,-83.5187378,33.9458542,98.3091125,-8.6866169,58.1501541,83.9119415
1784708187062,-83.4708099,33.5951462,97.7384109,-8.9022398,58.1597061,83.7182083
1784708187106,-83.2908173,33.2215996,97.2798386,-8.98494053,58.1533089,83.6355057
1784708187151,-83.0087204,32.7722206,96.8245697,-8.9285965,58.1901855,83.6249008
1784708187195,-82.821907,32.3580856,96.4841614,-8.65286922,58.1989212,83.7992554
1784708187240,-82.6859512,31.8654881,96.0023193,-8.38845158,58.2995682,84.0032196
1784708187284,-82.7338562,31.2782097,95.3886337,-8.15112686,58.4248238,84.2150192
1784708187328,-82.8301926,30.6659718,94.7712173,-8.11075592,58.4674225,84.2624893
1784708187373,-82.7747421,30.0925713,94.1954422,-8.201931,58.5052338,84.194519
1784708187417,-82.7501068,29.6878872,93.9857407,-8.14147282,58.4441299,84.3228912
1784708187462,-82.6074066,29.275753,93.5253525,-7.99326801,58.4946632,84.4498138
1784708187506,-82.6602859,28.9708977,93.1382446,-7.87234497,58.501152,84.5544739
1784708187550,-82.7795639,28.705759,92.6907272,-7.88205147,58.4965897,84.5665359
1784708187595,-82.9210205,28.5457668,92.213356,-7.99668503,58.4878044,84.5389709
1784708187639,-82.989769,28.5916958,91.8275986,-8.09062958,58.430706,84.4634476
1784708187684,-82.8879166,28.8519382,91.4894791,-8.21622086,58.3744507,84.2342834
1784708187728,-82.6031265,29.095377,91.2058716,-8.53622437,58.3951645,83.8010788
1784708187772,-82.2606125,29.1654224,91.0848999,-8.71232033,58.4087944,83.5581818
1784708187817,-81.7996826,28.9860821,90.8110428,-8.81830788,58.4526901,83.4710236
1784708187861,-81.310051,28.7677956,90.3780441,-8.99436092,58.5129166,83.3193817
1784708187905,-80.8404236,28.637373,89.9680557,-9.24604988,58.53582,83.0912552
1784708187950,-80.2964706,28.6610355,89.6928711,-9.56686115,58.5013542,82.7122574
1784708187994,-79.6006241,28.6606979,89.6111984,-9.87211418,58.4515038,82.4136124
1784708188039,-78.8413696,28.6133156,89.7524872,-10.0042048,58.4024162,82.355896
1784708188083,-77.9622574,28.4810696,89.9686279,-10.1416388,58.3987846,82.3468475
1784708188128,-77.0218735,28.2611332,89.9548187,-10.1381712,58.4616089,82.3214111
1784708188172,-76.161644,27.9336147,89.864212,-10.2925692,58.5026741,82.1278
1784708188217,-75.4492111,27.6619759,89.9145889,-10.4876556,58.4057999,81.8905716
1784708188262,-74.6616669,27.4613914,90.0305023,-10.7578173,58.321312,81.5753403
1784708188306,-73.7038803,27.3183117,90.3513107,-10.9464302,58.242836,81.3628464
1784708188351,-73.7038803,27.3183117,90.3513107,-10.9464302,58.242836,81.3628464
1784708188400,-73.7038803,27.3183117,90.3513107,-10.9464302,58.242836,81.3628464
1784708188450,-73.7038803,27.3183117,90.3513107,-10.9464302,58.242836,81.3628464
1784708188499,-68.3252335,26.1056004,89.8011627,-10.9804859,58.8188629,80.865799
1784708188545,-67.4604416,26.1774635,90.5040741,-11.1848049,58.6706047,80.5839996
1784708188592,-66.4702759,26.2413635,91.4838409,-11.5136747,58.4358635,80.2689896
1784708188640,-66.4702759,26.2413635,91.4838409,-11.5136747,58.4358635,80.2689896
1784708188689,-66.4702759,26.2413635,91.4838409,-11.5136747,58.4358635,80.2689896
1784708188739,-62.4808159,26.4579792,93.9042892,-10.8019466,57.571312,80.7559662
1784708188783,-61.2246056,26.1907215,94.5517426,-11.2992954,57.4170723,80.4283981
1784708188828,-59.646595,25.5732117,94.8280258,-11.4655476,57.736721,79.5039825
1784708188874,-58.2978516,25.0617809,95.5068512,-11.7668371,57.6772614,79.2634735
1784708188920,-56.9067421,24.3302803,96.1466751,-11.9216557,57.6262779,79.1277618
1784708188966,-55.4014511,23.4674358,96.5571213,-11.9545078,57.6007462,79.1152267
1784708189011,-53.9972382,22.6890316,96.8239594,-11.6680241,57.5966568,79.3381729
1784708189057,-52.5846596,21.9179134,96.5449829,-11.709343,57.7961769,79.3582382
1784708189101,-51.6492424,21.349884,96.7247467,-11.5137491,57.8016434,79.4862289
1784708189145,-50.8854752,20.8542061,96.89151,-11.4894447,57.7885628,79.4019394
1784708189188,-50.1811523,20.468708,97.1406021,-11.5407276,57.6793823,79.2529984
1784708189232,-49.3798294,20.2177944,97.514595,-11.6161747,57.630909,79.0776367
1784708189276,-48.5301094,20.0583572,97.9127426,-11.5035954,57.5784111,79.1091919
1784708189319,-47.7474785,19.958477,98.4499512,-11.4418077,57.4779892,79.1154404
1784708189363,-46.9645729,19.9715481,98.968071,-11.332016,57.3860588,79.1470718
1784708189406,-46.2034531,20.0618362,99.532074,-11.2890768,57.3150406,79.1237335
1784708189450,-45.3364677,20.13451,100.080345,-11.2908068,57.288166,79.0498428
1784708189493,-44.4223785,20.1228409,100.551682,-11.2028437,57.2827759,79.0366364
1784708189543,-43.5991554,20.1300125,101.120399,-11.0608749,57.2155342,79.064209
1784708189587,-42.7639618,20.1399784,101.494499,-11.1031713,57.2126007,78.9278793
1784708189630,-41.9361191,20.2011719,101.930916,-11.1299515,57.1364555,78.7786331
1784708189674,-40.9940567,20.3108959,102.257294,-11.3304253,57.0859909,78.5066833
1784708189717,-39.9476929,20.4275684,102.471153,-11.6109457,57.1138115,78.2011948
1784708189761,-38.9484596,20.5520077,102.664528,-11.6500263,57.1427498,78.0888977
1784708189804,-38.0785637,20.694521,102.893272,-11.6711216,57.1162491,77.9439316
1784708189848,-37.2146873,20.8671188,102.953606,-11.8199377,57.089798,77.6922379
1784708189891,-36.3055954,21.0086765,103.01329,-12.0688343,57.1391029,77.3678436
1784708189935,-35.3670769,21.0796413,103.076157,-12.2217512,57.2120361,77.177681
1784708189979,-34.5035667,21.0931225,103.220886,-12.3136177,57.2380524,77.0462799
1784708190023,-33.7008171,21.1616459,103.303467,-12.3088446,57.196804,76.9700012
1784708190067,-32.9599266,21.4269638,103.438194,-12.34342,57.1513252,76.8393173
1784708190112,-32.3706856,21.81884,103.672752,-12.1733809,57.0342865,76.9479141
1784708190157,-31.7757339,22.0226173,103.824081,-12.2670326,57.1182747,76.824852
1784708190201,-31.1737423,22.0286846,103.966499,-12.2025709,57.2172394,76.8453522
1784708190246,-30.6814594,21.8666897,104.046371,-11.9965115,57.2711411,77.0398788
1784708190291,-30.3273621,21.6836166,104.098442,-11.7723894,57.2600937,77.2440414
1784708190335,-30.0132198,21.4756508,104.146561,-11.6894455,57.2623024,77.3618164
1784708190380,-29.6555042,21.1899967,104.12841,-11.6218681,57.3004837,77.3671494
1784708190424,-29.2802715,20.9200516,104.121063,-11.5723038,57.2931442,77.3277283
1784708190469,-28.9240875,20.716013,104.177017,-11.5194407,57.3011856,77.2404099
1784708190514,-28.5198269,20.37117,104.173378,-11.5288601,57.3712006,77.1213303
1784708190558,-28.0663395,19.8085289,104.259583,-11.6871386,57.3407745,76.9516602
1784708190603,-27.4074097,19.1778965,104.341675,-11.8872547,57.2018127,76.7599945
1784708190648,-26.4435253,18.6975689,104.44767,-11.9864187,57.1214142,76.6783981
1784708190692,-25.3155384,18.3130608,104.454498,-12.1449957,57.1753998,76.414566
1784708190736,-24.2050381,18.0943966,104.658127,-12.1580496,57.111805,76.2954865
1784708190779,-23.1553555,17.8290958,104.742081,-12.1417322,57.1135025,76.1942978
1784708190823,-22.2818394,17.4701366,104.786125,-12.1151009,57.0970879,76.0926285
1784708190866,-21.5827312,17.1056824,104.777718,-12.2299175,57.0410309,75.9087143
1784708190913,-20.8705997,16.8794479,104.857719,-12.4019003,56.9881325,75.7589951
1784708190956,-20.1185169,16.6492901,104.958145,-12.5650911,56.9764366,75.6027908
1784708191000,-19.2750568,16.4983311,105.065849,-12.6800613,56.9095078,75.4416809
1784708191043,-18.3091145,16.3470402,105.235878,-12.7625408,56.89785,75.2728348
1784708191086,-17.2938137,16.1394787,105.449211,-12.7118797,56.8892746,75.1891251
1784708191130,-16.4408436,15.8304415,105.680573,-12.4881926,56.873455,75.2805786
1784708191173,-15.7900314,15.5584955,105.851341,-12.4156551,56.8335991,75.280304
1784708191216,-15.1665192,15.3803911,106.110413,-12.4866343,56.807621,75.1547089
1784708191259,-14.3866081,15.2639265,106.427193,-12.6415758,56.7983971,74.989151
1784708191303,-13.4794979,15.1367216,106.826378,-12.7624149,56.7677002,74.7756119
1784708191346,-12.4925728,15.0914602,107.427071,-12.8845301,56.5988808,74.4967957
1784708191389,-11.3377132,15.3905525,108.77179,-12.9533482,56.1913033,74.2365875
1784708191434,-9.91710949,15.7914743,109.417282,-13.1713638,55.9804153,74.2549515
1784708191479,-8.52767754,16.1116982,110.440254,-13.1925268,56.0548782,73.8590622
1784708191523,-7.16498756,16.20858,111.157433,-13.4038181,55.8872757,73.9037933
1784708191568,-5.78113508,16.257534,112.059555,-13.6728745,55.7039261,73.6061096
1784708191613,-4.25532961,16.4211655,113.127014,-13.8885202,55.4962273,73.2698822
1784708191658,-0.263017714,18.8745022,136.595352,-14.7904091,49.0460243,74.8738937
1784708191704,-0.263017714,18.8745022,136.595352,-14.7904091,49.0460243,74.8738937
1784708191753,3.46207929,18.8512363,136.531113,-14.4301729,49.6794548,74.1100006
1784708191798,2.3859098,16.4018517,116.100311,-14.4854469,55.4514542,72.117836
1784708191843,3.72352386,16.0557442,116.656448,-14.5839567,55.438961,71.9538574
1784708191888,5.02462149,15.7696352,117.258072,-14.7578182,55.3391457,71.7231369
1784708191933,6.34933233,15.5427685,117.802437,-14.9088812,55.2922821,71.4818115
1784708191978,7.57430696,15.2565975,118.409988,-14.9318504,55.2643089,71.2938309
1784708192022,9.22869492,16.0538197,126.358871,-11.0136261,53.5903282,73.9515533
1784708192067,10.0119114,15.5709686,125.270088,-11.8694153,53.9451447,73.4514999
1784708192113,10.4192429,14.8468971,121.498207,-14.0360355,54.5633621,72.4010696
1784708192158,11.2159891,14.5769548,120.683601,-15.2259693,55.0521851,71.167572
1784708192203,11.7293177,14.5476732,122.492325,-14.1443348,54.3778877,72.5334396
1784708192247,12.0989151,14.181015,123.140388,-15.5984507,54.237812,71.7577744
1784708192293,12.2804804,13.8321104,123.330429,-15.6672535,54.3594856,71.4191666
1784708192337,12.4903231,13.6506529,124.396111,-14.6332884,54.7524643,71.3427658
1784708192381,12.6847773,13.8086758,124.677856,-14.9964647,54.6760635,71.3641281
1784708192425,12.9615135,14.4420099,128.435059,-13.1141138,54.2926178,71.7785568
1784708192469,12.4329967,14.4704885,125.196747,-14.9108095,54.9098167,71.1301575
1784708192515,12.9039593,15.6854086,129.784805,-12.041049,54.5709991,72.6105957
1784708192559,13.3378468,16.5244179,131.915131,-11.2238255,54.4495277,72.6887207
1784708192604,13.2979603,16.290699,127.666122,-14.8318892,54.0433884,71.7922134
1784708192649,14.3026676,17.3539772,132.834045,-11.6388502,54.4436073,72.4942551
1784708192694,14.6424742,17.2283802,129.606003,-14.5236464,54.7380981,71.2416077
1784708192739,16.0237541,18.8331146,135.384064,-11.2754879,54.0330544,72.1012192
1784708192783,15.9522867,18.3699551,130.553055,-14.671298,54.7427177,71.3517838
1784708192827,16.4583454,18.8467064,131.959427,-14.2631454,54.5223846,71.7486725
1784708192871,16.810709,18.9698143,132.949387,-13.8798523,54.632267,71.7048874
1784708192915,16.9609032,18.7736702,133.259079,-13.7888222,54.6562576,71.5556564
1784708192958,17.0773621,18.5349922,132.766678,-14.4121132,54.5220222,71.3945007
1784708193002,17.0235958,18.1752052,131.211914,-14.4612885,55.1093788,71.1163254
1784708193049,17.3902569,18.4049625,132.82373,-13.933322,54.7055054,71.7805481
1784708193092,17.5388374,18.4671574,132.897202,-13.6270094,54.7728157,72.0943527
1784708193137,17.5217533,18.55583,132.949066,-13.5116558,54.7726936,72.3601761
1784708193180,17.3558693,18.6968689,133.077484,-13.5031948,54.6997337,72.5637207
1784708193224,16.7862434,18.9811077,132.433914,-12.867672,54.4873772,73.0436859
1784708193268,16.546526,19.582058,134.008224,-13.6125288,54.3083115,72.8526535
1784708193312,15.9276466,19.8289642,132.616486,-13.1036215,54.5286369,72.7833862
1784708193357,15.7172136,20.4412537,132.789612,-13.1773634,54.3455963,72.8757172
1784708193401,15.9150038,20.9805737,133.883743,-13.2879953,54.9305801,72.5112076
1784708193445,15.9349966,21.685339,134.022797,-12.2186708,54.4889107,73.587204
1784708193489,15.8821955,22.3132629,134.4897,-11.8395977,54.4011726,73.9888153
1784708193534,15.6504726,23.0330658,135.165787,-11.2190256,54.6417465,74.3229065
1784708193578,15.2537127,23.3833866,133.895737,-12.0477533,55.7268066,73.0752106
1784708193623,14.8863535,23.8655567,134.001816,-12.0390196,55.8273621,73.0875778
1784708193668,14.545619,24.0597191,134.151321,-12.0502672,55.8851166,73.0273361
1784708193713,14.3615246,24.1296101,133.930191,-12.2595158,55.8916588,72.8099899
1784708193757,14.4833212,24.1662407,133.792084,-12.3554859,55.8875656,72.7769165
1784708193802,14.7510862,24.2452564,133.947784,-12.2200127,55.8469658,72.9027176
1784708193847,15.1220169,24.3107567,133.991959,-12.301981,55.765583,72.8864594
1784708193892,15.5463772,24.3921547,134.009384,-12.3757286,55.7011566,72.7910919
1784708193936,15.9619751,24.4908085,133.993774,-12.4624796,55.7429924,72.6076889
1784708193981,16.5051327,24.3901253,133.852142,-12.7181158,55.8286209,72.2859726
1784708194026,17.2703896,24.1619434,133.63591,-13.0938082,55.8436203,71.8977737
1784708194071,19.1712532,24.7724304,138.44548,-11.8718328,54.6279221,72.4211121
1784708194118,19.8258133,23.6705379,135.200012,-12.8046789,55.4583168,72.1008759
1784708194162,20.7671814,22.8597469,133.934341,-13.7463188,55.4883728,71.6430511
1784708194208,21.4578552,22.0214615,133.396744,-14.0860634,55.4969559,71.115654
1784708194252,22.0672054,21.2845573,132.697342,-14.5650291,55.5061531,70.5209579
1784708194295,22.9587059,20.8549843,132.579254,-14.3623791,55.7836266,70.0035172
1784708194339,24.1594219,20.554985,133.257339,-14.2364054,55.6310654,70.1166229
1784708194382,25.3638306,20.0343151,133.324722,-14.2741413,55.6114845,70.0375137
1784708194425,26.6959248,19.4822159,133.587219,-14.4272079,55.4538612,69.9799576
1784708194470,27.9306831,19.0142365,133.53392,-14.4134865,55.4169807,69.8475647
1784708194515,29.146883,18.7211475,133.480423,-14.4712009,55.3939209,69.7389679
1784708194560,30.3375835,18.4557648,133.314255,-14.5468884,55.4494553,69.6156845
1784708194604,22.173048,15.9806204,109.939018,-2.95715189,63.5999146,76.2159271
1784708194649,32.7512589,18.3402042,133.070145,-14.5012636,55.4546928,69.4964752
1784708194693,33.7666245,18.353281,132.990372,-14.4744644,55.5004997,69.3878632
1784708194738,34.5079689,18.1476974,132.469589,-14.3150587,55.7877731,69.107666
1784708194782,35.3156509,17.866724,132.204773,-14.4304733,55.8646507,68.7297668
1784708194825,36.2950974,17.4817085,132.074478,-14.4809399,55.8948975,68.4249344
1784708194877,37.4888458,17.3012486,132.115402,-14.6423569,55.7295837,68.3870392
1784708194922,38.8693924,17.2834034,131.958084,-14.5706768,55.8304901,68.3744202
1784708194966,40.182373,16.9660892,131.671555,-14.3725252,56.1135902,68.331337
1784708195010,41.6164131,16.5083542,131.839706,-14.4322748,56.0619812,68.2201843
1784708195053,43.0462952,16.0557117,131.640961,-14.5174589,56.0699959,67.854248
1784708195096,44.7763214,15.8740673,132.227615,-14.593832,55.7755394,67.7878265
1784708195140,44.7763214,15.8740673,132.227615,-14.593832,55.7755394,67.7878265
1784708195188,48.077034,15.7352962,132.428131,-14.4389791,55.7686005,67.637146
1784708195237,49.7359924,15.3388214,132.621368,-14.9946976,55.8847885,67.282814
1784708195280,51.2323761,14.8484364,133.047073,-15.1331224,55.7985153,66.9636917
1784708195323,52.6079636,14.2415733,133.277939,-15.349535,55.7443085,66.5689316
1784708195366,53.8969269,13.769125,133.337158,-15.3905811,55.7468376,66.3564453
1784708195408,55.1483345,13.4487448,133.495972,-15.4702854,55.6410446,66.1641617
1784708195451,56.1554527,13.1397371,133.478775,-15.4432764,55.7522621,66.1100311
1784708195494,56.9434128,12.8924694,133.522247,-15.4275551,55.779026,66.0590515
1784708195537,57.623703,12.6682634,133.509399,-15.3031139,55.8661232,66.0690613
1784708195580,58.1958885,12.602725,133.369476,-15.1094484,55.9124794,66.1496964
1784708195622,58.6629257,12.8153553,133.362595,-14.7954073,56.0188751,66.3456573
1784708195665,58.9475975,13.2088013,133.181915,-14.5260353,56.2440643,66.470108
1784708195708,59.1203079,13.5784636,133.212814,-14.2817736,56.5097542,66.4998322
1784708195750,59.1734581,13.6170492,133.141479,-14.1429596,56.8312874,66.4642487
1784708195793,59.2998428,13.4209709,132.87471,-13.8514681,56.9394569,66.5562515
1784708195836,59.6341476,13.3467512,132.781296,-13.567399,56.9708939,66.6974487
1784708195879,60.031311,13.470418,132.704239,-13.2247982,57.0511475,66.9857864
1784708195922,60.4532928,13.533741,132.774445,-13.0332642,57.1851311,67.1208649
1784708195964,60.8495598,13.4370518,132.562973,-13.044733,57.2824669,67.0641098
1784708196007,61.333786,13.2798662,132.379028,-12.9670296,57.3856392,67.0471878
1784708196050,62.0144844,13.145668,132.404861,-13.0890856,57.3735733,66.7835464
1784708196092,62.8848915,13.0456572,132.31813,-13.2524443,57.3397751,66.5725403
1784708196135,63.8904686,13.1626883,131.937042,-13.1851482,57.4233093,66.5113831
1784708196178,65.0038834,13.63482,131.836395,-13.0075998,57.5062256,66.5755157
1784708196220,65.8189697,14.2245588,131.653122,-12.921258,57.7364388,66.674469
1784708196263,66.2052383,14.5452194,131.371552,-12.8698015,58.0323486,66.7720413
1784708196305,66.3772507,14.4370823,131.251541,-12.8267031,58.1757393,66.7197723
1784708196348,66.6895828,14.1098719,131.095093,-12.9082403,58.21278,66.4288254
1784708196391,66.9137039,13.7308693,130.600433,-12.8502235,58.2720184,66.3468704
1784708196433,67.3363647,13.4739513,130.268204,-12.7768507,58.3098869,66.2179337
1784708196476,67.6924515,13.3552465,129.841629,-12.5926781,58.3942604,66.2689514
1784708196519,67.958046,13.1727133,129.594559,-12.4948244,58.4550018,66.2485809
1784708196561,68.1774292,12.75457,129.429062,-12.3578758,58.4769325,66.2409363
1784708196604,68.5618362,12.4048281,129.107788,-12.2591038,58.4579735,66.1802826
1784708196646,69.0063782,12.2898483,128.187531,-11.8027811,58.6225204,66.4843826
1784708196689,69.7017975,12.4180136,127.66291,-11.4131098,58.8771591,66.7476044
1784708196732,69.9731598,12.4276876,127.242172,-10.5229607,59.1102333,67.5458755
1784708196775,70.1251297,12.0752335,126.972839,-10.566762,59.1773987,67.4119873
1784708196818,70.5591125,11.5375233,126.298065,-9.88768291,59.3130074,67.9373474
1784708196860,70.6288071,11.1386986,125.688538,-9.00671959,59.3777046,68.6084061
1784708196903,70.2359772,10.8570204,125.297096,-8.45770836,59.4205856,68.977211
1784708196946,69.520462,10.7319241,124.966255,-8.25918961,59.485527,68.9754028
1784708196989,68.9152145,10.5341129,124.580704,-8.1739254,59.4777718,68.8856201
1784708197032,68.6354904,10.4467554,123.764351,-8.00965214,59.6927185,68.8310623
1784708197074,68.8303375,10.1120949,122.913689,-7.3296299,59.9713707,69.2403107
1784708197117,68.9981613,9.71324635,122.047607,-6.3595767,60.0376091,70.1406174
1784708197160,69.0403976,9.54522133,121.264656,-5.62899208,60.1782112,70.7787781
1784708197203,68.9641113,9.25980282,120.64782,-5.24596739,60.2497444,70.942421
1784708197245,68.9120407,9.38602448,120.32547,-5.02432346,60.1612625,70.9997787
1784708197288,69.0937881,10.0521383,120.339348,-4.95400286,60.0497894,71.0256271
1784708197331,69.3622208,10.923542,120.023376,-4.83690453,60.242218,71.142395
1784708197374,69.8575516,11.7655983,119.516151,-4.66666412,60.5840149,71.2812576
1784708197417,70.3752365,12.3109818,119.137505,-4.13608313,60.8486366,71.8645859
1784708197459,70.6397552,12.725667,118.981331,-3.77605891,60.9727745,72.356636
1784708197502,70.655014,12.9612436,118.736046,-3.60122967,61.0427361,72.7388153
1784708197545,70.8122711,12.9825754,118.681213,-3.57799244,61.0453339,73.0489426
1784708197588,70.679245,12.7739563,118.731255,-3.29831719,60.8344917,73.7689056
1784708197631,70.52491,12.5686913,118.84304,-3.53974414,60.5312805,73.805275
1784708197674,83.6240158,13.5802622,139.817032,-59.3891983,51.9225845,48.8834877
1784708197716,71.2190628,8.84858227,117.558716,-3.39491701,59.5478783,74.3902893
1784708197760,82.8175507,13.3914967,138.612457,-54.6214561,49.9477119,51.8379478
1784708197802,70.2823486,14.3201323,118.612289,-5.290277,59.5266418,73.2353668
1784708197846,69.8640366,14.093874,117.448219,-3.92581344,60.5746536,73.7964706
1784708197889,69.8640366,14.093874,117.448219,-3.92581344,60.5746536,73.7964706
1784708197938,67.2007141,16.1769562,118.354301,-4.42907429,61.1785545,72.9907761
1784708197981,65.6929703,14.5956392,118.736053,-4.91827822,60.5977478,72.4176788
1784708198024,64.6353683,12.6201611,118.961685,-5.20252037,59.6807365,72.2035522
1784708198073,64.6353683,12.6201611,118.961685,-5.20252037,59.6807365,72.2035522
1784708198122,63.5884705,8.48067379,117.757126,-4.6369338,57.907711,72.9275513
1784708198165,63.0538483,7.46796608,117.156715,-3.96106768,57.5139503,73.506813
1784708198208,62.3804512,7.20915842,117.202942,-3.64396548,57.2176933,73.8985596
1784708198251,61.5864792,7.1565814,116.995911,-3.7911737,57.2867508,73.7701492
1784708198294,60.925972,6.74369812,116.773369,-3.75690484,57.2475739,73.7990189
1784708198337,60.299408,6.25347376,116.48851,-3.68089795,57.0775337,73.8357697
1784708198380,59.7337494,5.6037221,116.217804,-3.57831001,56.8537598,74.0672531
1784708198422,59.1933517,5.0628171,115.850014,-3.49599576,56.6622925,74.1746216
1784708198465,58.4502487,4.4546876,115.921959,-3.10362315,56.3920174,74.4715652
1784708198508,57.4318542,4.49297142,116.362488,-3.44078112,56.1503944,74.0367584
1784708198551,56.2706604,4.44931221,115.884659,-3.93937445,56.3422623,73.6546173
1784708198594,55.8062248,4.50345325,116.097527,-4.20957041,56.0304489,73.6900024
1784708198637,55.0932884,4.41839552,115.732765,-4.2246089,56.196209,73.7910614
1784708198680,54.5339394,4.06121588,116.02327,-4.26707506,55.9480095,73.8800278
1784708198723,53.7140045,3.71059942,115.769501,-4.27084064,55.8459969,73.6531067
1784708198766,53.1181259,3.62471724,116.128242,-4.30241776,55.4427643,73.6837234
1784708198810,52.1768112,3.95112991,116.176331,-4.24001503,55.3287964,73.8091049
1784708198853,51.1861305,4.52535534,116.50116,-4.51917219,55.3367348,73.7556992
1784708198896,50.3837471,4.94673395,116.887718,-4.73470259,55.263607,73.836441
1784708198939,49.6246147,5.28140879,117.095222,-4.76330566,55.2142906,73.8914642
1784708198983,48.6270943,5.7388339,116.930511,-4.81607628,55.3733521,73.7773514
1784708199026,47.8995857,6.13794231,117.47538,-4.99542189,55.2230988,73.6648865
1784708199069,47.1573067,6.35949087,117.378418,-4.9328475,55.1714287,73.705513
1784708199112,46.4008675,6.92959976,117.56102,-4.76937389,55.0480156,73.9393463
1784708199156,45.3101006,7.74236584,117.966095,-4.81640291,55.2159691,74.1350632
1784708199200,45.3101006,7.74236584,117.966095,-4.81640291,55.2159691,74.1350632
1784708199249,45.3101006,7.74236584,117.966095,-4.81640291,55.2159691,74.1350632
1784708199298,40.7544937,10.8826332,118.482262,-5.6897893,55.5811043,73.0328369
1784708199342,39.4820557,11.7141008,118.569717,-5.95124912,55.5481491,72.8134079
1784708199385,38.5466843,12.5799665,118.776924,-5.91714239,55.5002975,72.9708023
1784708199428,37.9351997,13.4437551,119.278862,-5.8525548,55.3699684,73.3894424
1784708199473,37.9351997,13.4437551,119.278862,-5.8525548,55.3699684,73.3894424
1784708199522,36.1732292,15.82967,119.941605,-5.33379507,55.5499573,73.7001114
1784708199565,35.1890526,16.7010937,120.220589,-5.11056852,55.7987976,73.8451691
1784708199609,34.0434036,17.3923912,120.861992,-4.89225721,55.6520767,74.1002808
1784708199652,32.5060158,18.2854996,121.519608,-4.84786701,55.6897659,74.365921
1784708199697,32.5060158,18.2854996,121.519608,-4.84786701,55.6897659,74.365921
1784708199746,30.2066078,21.2699375,123.884705,-5.5540657,55.0466881,74.3891373
1784708199789,29.5027828,22.6560688,125.370346,-5.23951721,54.9034004,74.5143585
1784708199832,29.0228863,23.9742393,126.43634,-5.52445364,54.5764694,74.497139
1784708199875,29.3714485,25.7760906,129.579544,-4.91151953,53.882412,74.4347534
1784708199920,27.7262115,25.6906166,126.096748,-5.81353664,55.276577,74.1111374
1784708199964,27.0582123,26.2927475,126.56498,-6.07691383,55.1845779,73.9950256
1784708200009,26.4014397,26.8386822,126.949715,-6.3418045,55.1853333,73.9268341
1784708200053,25.7986584,27.3250237,127.155243,-6.56953573,55.2328033,73.8462219
1784708200098,25.217268,27.6504173,127.200188,-6.82600546,55.3042068,73.6846008
1784708200142,24.7282848,27.9954548,127.356949,-7.03576756,55.2474327,73.4085159
1784708200187,24.3149204,28.6008644,127.111069,-7.31845856,55.3334312,73.1128235
1784708200231,23.9279308,28.9588909,126.828499,-7.25382853,55.7360229,73.084137
1784708200275,23.4616489,29.4601593,127.20224,-7.16165113,55.5638618,73.3855286
1784708200319,22.6872997,29.8131714,127.163155,-6.99267626,55.7669907,73.5340042
1784708200362,21.8107224,30.4507999,127.652733,-6.92855406,55.5133133,73.761528
1784708200407,20.7932301,31.2019405,127.851944,-7.00177813,55.5376472,73.6812744
1784708200451,19.8114319,32.0275574,128.141006,-7.00984812,55.4809074,73.6445923
1784708200496,18.9201183,32.9764633,128.442276,-6.96155071,55.4545364,73.7615128
1784708200546,18.0574856,34.0519485,128.831329,-6.6043458,55.488018,74.1530685
1784708200591,17.0111485,35.0370483,129.304382,-6.14901876,55.6227493,74.6626968
1784708200636,15.7950401,36.0401764,130.066895,-5.8005209,55.4841423,75.1260071
1784708200680,14.4224873,37.3061409,130.805374,-5.4973731,55.4070282,75.4101105
1784708200725,13.1662693,38.5884361,131.492676,-5.63189888,55.3244972,75.3883896
1784708200770,12.2094755,39.7723923,132.193527,-5.80050325,55.2982521,75.2391586
1784708200814,11.5900469,40.7615128,133.107544,-5.93109369,55.1545334,75.2169418
1784708200859,11.1006861,41.4718704,133.102203,-5.96592617,55.4310532,75.0901108
1784708200902,10.9346523,42.2935524,133.656265,-6.06640625,55.4322281,75.1378708
1784708200945,10.9788036,43.0551643,134.047287,-6.10635614,55.4694099,75.1780167
1784708200988,11.1364279,43.6049805,134.354446,-6.25170708,55.6300201,75.0031586
1784708201031,11.5439615,43.9557419,134.676559,-6.61646509,55.6873398,74.595993
1784708201074,12.1306963,44.2324638,134.925751,-6.69775438,55.6336861,74.4835052
1784708201117,12.8187675,44.4876366,135.259979,-6.95774794,55.7338943,74.2958374
1784708201160,13.4640284,44.5422897,135.665909,-6.99208879,55.5742455,74.295578
1784708201203,14.0786915,44.7151718,136.000854,-7.07226133,55.5275536,74.2854843
1784708201246,14.7443295,45.0807381,136.521988,-7.03715611,55.2961464,74.3995972
1784708201289,15.4028921,45.1806412,136.390808,-7.13819361,55.6504936,74.2812195
1784708201332,16.0413971,45.0397224,136.520676,-6.9788084,55.7750053,74.3526154
1784708201375,16.6368637,44.8446999,136.635315,-6.81353331,55.7811165,74.4316559
1784708201418,17.3545456,44.5765381,136.614334,-6.55611086,55.7781219,74.721199
1784708201461,18.2486973,44.5156784,137.020691,-5.80094767,55.5790672,75.630455
1784708201504,18.5320911,44.0672417,136.957001,-4.82035303,55.6628571,76.5712891
1784708201547,18.450552,43.8622169,137.316727,-4.09431171,55.5495148,77.3329086
1784708201590,18.1552753,43.1413727,138.037674,-3.53935528,55.2641983,78.0794144
1784708201635,17.8255997,42.1697655,138.034637,-2.99136806,54.8694611,78.5918274
1784708201683,17.7280979,42.2676392,137.752045,-2.56231642,54.6087914,78.9620819
1784708201725,17.4707699,42.1026268,137.575745,-1.92224193,54.8576317,79.4620361
1784708201769,16.906414,42.1146088,137.560959,-1.40501332,54.4298935,79.8548965
1784708201811,16.3893185,42.6597023,137.39061,-1.32161236,54.4737854,79.9341812
1784708201854,16.0461845,43.0954361,137.156052,-1.45536065,54.5069275,79.7892914
1784708201897,16.0401421,43.7289429,136.978836,-1.60156882,54.4765358,79.6512756
1784708201940,16.4457626,44.2466736,136.690216,-1.64705932,54.6133919,79.7146072
1784708201983,16.9734325,44.7552147,136.583282,-1.49879217,54.6832466,79.8850784
1784708202026,17.3352852,44.9972343,136.578705,-1.16295326,54.7593994,80.131279
1784708202069,17.5029793,45.2028084,136.819656,-1.14567912,54.7036629,80.064682
1784708202112,17.6560631,45.2443085,136.985794,-1.38775265,54.627552,79.8533401
1784708202155,18.0356617,45.5751457,137.193146,-1.52568173,54.4959831,79.7155762
1784708202198,18.5632687,45.7659912,137.346207,-1.74666691,54.6733894,79.604866
1784708202241,19.2768211,45.6994667,137.615982,-1.72723472,54.6702499,79.6907425
1784708202284,20.0246449,45.7982101,138.27211,-1.23173106,54.4251137,80.1415024
1784708202327,20.4643993,46.1520042,139.201569,-1.00487781,54.1321831,80.2989655
1784708202370,20.7629795,46.6858215,140.130325,-0.852043152,53.9002419,80.3104324
1784708202413,21.1250267,47.3927612,141.08345,-0.897827268,53.7137299,80.2652283
1784708202455,21.6317387,48.0810699,141.972443,-0.715351105,53.6338654,80.4009857
1784708202498,21.9905109,48.8621635,142.984619,-0.220389321,53.5904198,80.7526779
1784708202541,21.9782314,49.5175667,144.139069,0.210909903,53.505497,81.0720291
1784708202584,21.7215328,50.2910194,145.095413,0.426321954,53.3983612,81.2042847
1784708202627,21.4570045,50.8936043,146.258331,0.435007423,53.4202042,81.298912
1784708202670,21.5199261,50.6077194,146.889587,0.271288067,53.6514893,81.3285522
1784708202713,22.8068485,50.0573578,148.547073,0.594443977,52.9315529,81.9416733
1784708202757,23.9088802,49.2167549,149.251968,1.84589875,52.7189331,82.8735809
1784708202801,24.8265572,48.904583,149.9646,2.61079907,52.2711639,83.3194656
1784708202844,25.1759911,49.1724854,150.793884,3.22760224,52.0937576,83.5766678
1784708202886,25.1503601,49.363575,151.463074,3.4158206,52.2436028,83.4640503
1784708202930,25.1503601,49.363575,151.463074,3.4158206,52.2436028,83.4640503
1784708202979,25.1503601,49.363575,151.463074,3.4158206,52.2436028,83.4640503
1784708203028,27.0634251,44.5380478,153.903107,3.8613441,51.3534241,83.9189682
1784708203072,27.6284142,43.0577545,153.806046,4.06090784,51.2112236,84.1100616
1784708203115,28.1331577,42.0653534,154.26004,4.31719208,50.7284889,84.4721603
1784708203158,28.6238708,41.8535309,154.49617,4.43248272,50.2966576,84.6308975
1784708203201,28.8339539,41.8785439,154.738556,4.89052868,50.2655525,84.8862991
1784708203244,28.7255249,42.1468849,154.813995,4.81870794,50.1341858,84.7115021
1784708203287,28.2375832,42.4300346,154.819885,4.95077085,50.3701744,84.6910782
1784708203330,27.7031269,42.5947113,154.746292,4.56136036,50.4063644,84.4038849
1784708203373,27.3416023,42.6469307,154.615005,4.46155882,50.5227737,84.3925858
1784708203415,27.0905342,42.6929626,154.511185,4.26643991,50.4574585,84.4215469
1784708203458,26.9126091,42.7779541,154.545044,4.22151947,50.3162041,84.4448547
1784708203501,26.7356091,42.9824104,154.326553,4.13683891,50.3408546,84.4162216
1784708203544,26.5810032,43.1824226,154.162918,4.05429411,50.3155861,84.3102722
1784708203587,26.4589405,43.5605965,153.838882,3.97847414,50.378891,84.2268143
1784708203630,26.3820629,43.8358231,153.539383,3.90654635,50.5085983,84.1751022
1784708203673,26.3454819,44.0260506,153.423187,3.95043921,50.5684738,84.1923752
1784708203715,26.2595615,44.1942902,153.336349,3.92865014,50.4878616,84.1780701
1784708203758,26.1345177,44.5318527,153.29718,3.97200251,50.3889084,84.2447128
1784708203801,25.9085827,45.1708145,153.32753,3.88978958,50.2575073,84.2037125
1784708203844,25.8936157,45.9921303,153.396927,3.6520927,50.1886597,84.0259018
1784708203887,26.0104332,47.0764008,153.319885,3.5301373,50.217762,83.9829254
1784708203930,26.05476,47.9132462,153.357956,3.59175873,50.4862213,84.0272446
1784708203973,25.8747005,48.419838,153.578766,3.80717278,50.5389175,84.2321701
1784708204015,25.3373318,48.7965965,153.964371,4.05373859,50.4589005,84.4313278
1784708204058,24.6964684,49.4818459,154.521942,3.91363049,50.160614,84.3437195
1784708204101,24.1164894,50.2223015,154.609894,3.72943211,50.2342339,84.2443161
1784708204144,23.6928501,51.1337471,154.983093,3.67754936,50.1863136,84.3385162
1784708204187,23.1620693,52.0128174,155.384552,3.85818076,50.2502022,84.5044403
1784708204230,22.4790268,52.7125511,155.699234,3.91155267,50.336174,84.5261536
1784708204272,21.7775269,53.2441826,156.049255,3.83266783,50.4320526,84.4313889
1784708204315,21.1613293,53.5151138,156.481064,3.76529121,50.385643,84.4817047
1784708204358,20.6245747,53.5441055,156.614594,3.74208927,50.3658562,84.6453552
1784708204401,20.2372437,53.6844749,156.800964,3.71198678,50.2476883,84.8096466
1784708204444,19.7932167,53.9093437,157.018112,3.95711327,50.2404938,84.9761429
1784708204487,19.1455822,54.3149719,157.151825,4.00936222,50.1430206,84.9152679
1784708204529,18.5467529,54.7428818,157.12648,3.82147527,50.3155365,84.7829208
1784708204572,18.1270409,54.728775,157.199814,3.63584399,50.4900208,84.8428802
1784708204615,17.8360863,54.2201691,157.352966,3.55207157,50.5140877,84.9848099
1784708204658,18.0279827,53.6805458,157.54982,3.74336886,50.3015633,85.2799759
1784708204700,17.9028549,53.1031227,157.881134,4.02606249,49.9598351,85.5724258
1784708204743,17.8545532,53.4253807,158.208374,4.18554926,49.3967094,85.7246552
1784708204786,17.658493,53.9814339,158.226913,4.31979942,49.3972588,85.8218918
1784708204829,17.4793282,54.3574905,158.040695,4.19047737,49.631546,85.7745285
1784708204872,17.4979153,54.198822,157.802734,4.02918625,49.8928719,85.6260147
1784708204915,17.6939259,54.2261391,157.59433,4.03758383,49.7115364,85.5452423
1784708204958,17.9536171,54.2346992,157.340652,4.00044632,49.815979,85.5834427
1784708205000,18.1794834,53.8224449,156.868469,3.97264409,49.9241447,85.6942596
1784708205043,18.4509602,53.6502686,156.568954,3.98698092,49.6594887,85.7117538
1784708205086,18.7116718,53.3951836,156.121429,3.97796154,49.784771,85.678978
1784708205129,18.8158092,53.4208412,155.785233,4.11899614,49.5495453,85.6212006
1784708205172,18.7608776,53.8189774,155.395996,4.10863924,49.5375366,85.5811844
1784708205215,18.5994549,54.4256935,154.988281,4.07357407,49.5973167,85.4873352
1784708205260,18.347332,54.8676453,154.639435,4.03566074,49.834198,85.3814163
1784708205303,18.1033878,55.2442474,154.415588,3.9500525,49.8030586,85.3131027
1784708205345,17.9253712,55.401165,154.155533,3.94731355,49.9175606,85.3704147
1784708205388,17.7742043,55.2836189,153.716415,3.97337079,49.9112816,85.4937286
1784708205431,17.7407303,55.3231659,153.418091,4.0384078,49.8332748,85.5768509
1784708205473,17.7224693,55.2958145,152.935425,4.12381744,49.8019905,85.6498337
1784708205516,17.7084198,55.3354301,152.183365,4.14881134,49.9434471,85.7329407
1784708205560,17.7658997,55.3011742,151.644608,4.210145,50.0739594,85.8081284
1784708205603,17.7461414,55.0280724,151.099915,4.37969637,50.1596184,86.0387268
1784708205646,17.5955944,54.855217,150.666809,4.48282862,50.1719093,86.0685501
1784708205689,17.4972839,54.2148895,150.154541,4.30738258,50.3814774,86.0119705
1784708205731,17.8549423,53.3843422,149.493073,3.83751917,50.248127,85.8558731
1784708205774,18.4987984,53.0590019,149.328232,4.63114214,50.0780983,86.4666138
1784708205817,18.6701336,52.8922119,149.063538,4.73617697,49.7182159,86.519104
1784708205860,19.0017586,52.8967018,148.658447,4.63449764,49.8893242,86.3979034
1784708205903,19.3160019,52.5087242,148.340164,4.71140051,49.9737015,86.5024414
1784708205946,19.6675949,52.0195618,148.156448,4.70609713,49.8966713,86.5750351
1784708205989,20.2253723,51.6289673,148.089447,5.02802992,49.7075462,86.7606583
1784708206032,20.4666157,51.6733856,148.108719,5.37919807,49.383461,86.9645538
1784708206075,20.4801121,51.9004745,148.095169,5.48451519,49.3371124,87.0317688
1784708206118,20.5129776,51.9656258,147.902069,5.38553047,49.4008713,87.0311432
1784708206162,20.6457787,51.8683357,147.71701,5.32471848,49.4898529,87.0366669
1784708206205,20.7338829,51.4865532,147.522766,5.51633167,49.5571518,87.1934433
1784708206247,20.7707062,51.1622124,147.289917,5.55337524,49.4482384,87.247879
1784708206290,20.8152561,50.8852196,147.059799,5.7458353,49.4600258,87.3664703
1784708206333,20.5905972,50.6612511,146.907791,5.94532967,49.3452148,87.5278015
1784708206376,20.2655697,50.4377975,146.596756,5.88668013,49.4431305,87.5030975
1784708206419,20.0055065,50.1912651,146.259338,5.70026159,49.4741821,87.3332672
1784708206462,19.9801617,50.161129,145.969147,5.40276718,49.455719,87.0541916
1784708206505,20.1593513,50.3362885,145.685211,5.32545853,49.4827766,86.9309464
1784708206548,20.2194252,50.5128441,145.55719,5.65326118,49.579731,87.1433029
1784708206591,19.8703728,50.7264557,145.617905,5.87447739,49.5019913,87.3513107
1784708206634,19.3709259,51.0641632,145.667603,5.78291273,49.5788078,87.2808075
1784708206677,18.8445415,51.1585007,145.750565,5.64883423,49.5929642,87.1762466
1784708206720,18.4002724,51.4090271,145.734512,5.32037973,49.4605179,87.0754776
1784708206765,18.1509781,51.5289803,145.718201,5.24751616,49.5832291,87.0227966
1784708206809,18.0137806,51.7290611,145.676346,5.10500669,49.4412575,86.9227829
1784708206852,17.9785976,51.7916565,145.56311,5.15316534,49.6164169,86.9700546
1784708206895,17.9625168,51.8179588,145.491989,5.10614777,49.4666862,87.0335693
1784708206938,18.0317593,51.8495331,145.246902,5.03403521,49.6069374,87.0177612
1784708206981,18.2137775,51.8609085,145.137268,4.94222212,49.5767479,86.9241943
1784708207024,18.4672546,51.8940125,145.012009,4.84390879,49.6223335,86.826973
1784708207067,18.7976837,51.8824959,144.914337,4.75362968,49.5437431,86.7486115
1784708207110,19.0955219,51.8568459,144.725693,4.63659525,49.5918579,86.5955658
1784708207153,19.4555111,51.6204529,144.499252,4.34321213,49.6917534,86.3427048
1784708207195,19.895752,51.3457565,144.209763,4.13864803,49.6298714,86.222084
1784708207239,20.4652462,51.3643417,143.892685,3.91738844,49.484127,86.0521927
1784708207282,21.0669651,51.5904274,143.620804,3.85168481,49.5234756,85.9477234
1784708207325,21.5409622,51.8077812,143.345047,3.90910554,49.6250458,85.860527
1784708207373,21.8726692,51.9563522,143.188797,3.89051557,49.7327309,85.8099823
1784708207416,21.9439907,52.1043854,143.272308,4.11036873,49.6505928,85.8641891
1784708207459,21.8124504,52.2400742,143.094559,3.98172569,49.691452,85.8487015
1784708207502,21.7763329,52.4045181,143.193054,3.94876909,49.6626549,85.8551254
1784708207545,21.7713661,52.5876389,143.164612,3.98107386,49.6273346,85.9467316
1784708207588,21.6714516,52.8082695,143.245834,4.27051544,49.6617699,86.1396255
1784708207630,21.3369064,53.1333923,143.439331,4.56215429,49.6258316,86.3843231
1784708207673,20.7896137,53.5396843,143.666519,4.68950748,49.6761513,86.5944366
1784708207716,20.0793495,53.834465,143.906601,4.79020739,49.7918129,86.8165436
1784708207759,19.4564514,54.0763054,144.355347,4.69734621,49.7322502,86.840744
1784708207802,18.9343758,54.1780853,144.694382,4.62680626,49.7738113,86.8531494
1784708207845,18.4761333,54.2674294,145.103088,4.73918772,49.7339859,87.0154037
1784708207888,17.9005604,54.4709702,145.434784,4.99307346,49.6839485,87.2555847
1784708207931,17.3432732,54.6633606,145.816498,5.01072836,49.7550468,87.3992004
1784708207974,17.004921,54.61063,146.092133,4.91458797,49.8962021,87.4438705
1784708208017,16.9685879,54.2906685,146.43457,4.7589097,50.0104294,87.3912354
1784708208060,17.1912537,53.8518333,146.742599,4.70401621,49.9015465,87.3040085
1784708208103,17.585886,53.6977119,147.017776,4.67887878,49.7020721,87.3295975
1784708208145,17.8777161,53.6392746,147.375061,4.91704655,49.5912285,87.5928802
1784708208188,18.0670547,53.4344597,147.524902,5.00629425,49.5876579,87.7083359
1784708208231,18.2717915,52.9703293,147.464325,4.85987806,49.7130585,87.6767807
1784708208274,18.5941696,52.5104828,147.447464,4.79884052,49.6065598,87.588707
1784708208317,18.9363747,52.0835838,147.090042,4.80785513,49.6784744,87.6388702
1784708208360,19.3220825,51.7143173,146.983856,4.85022163,49.5776482,87.7107849
1784708208403,19.6976967,51.1707535,146.668655,4.93879938,49.6220055,87.8180389
1784708208446,20.0736523,50.385746,146.136032,5.0295763,49.6882553,87.9619598
1784708208489,20.3951283,49.5052795,145.567841,5.15459156,49.6863365,88.0763855
1784708208532,20.643568,48.5910263,144.951599,5.29881382,49.6922722,88.1573181
1784708208574,20.9455795,47.7084312,144.174957,5.31409216,49.7427292,88.1245346
1784708208617,21.3035622,46.6282196,143.331543,5.43091154,49.8678856,88.1823425
1784708208660,21.6308327,45.4256363,142.435394,5.57694435,49.9008369,88.3047333
1784708208703,21.824358,44.4684372,141.614258,5.78238249,49.7740555,88.4446564
1784708208746,21.8620968,43.5857277,140.658127,5.88435555,49.7817345,88.5236893
1784708208789,21.8827171,42.5529099,139.42746,5.95307922,49.9513245,88.6448822
1784708208832,21.8794746,41.6848679,138.428986,6.07543278,49.8700333,88.7846375
1784708208875,21.7189655,40.8239861,137.380615,6.40602779,49.9540062,89.031456
1784708208918,21.4112473,40.1453629,136.42012,6.48987436,49.9334869,89.0903854
1784708208961,21.1163387,39.4105301,135.512421,6.63030481,50.120533,89.1744766
1784708209004,20.7305202,38.4047546,134.83252,6.81596327,50.1217194,89.2927017
1784708209047,20.4632092,37.8163147,134.157715,6.72384644,49.9547272,89.169014
1784708209090,20.3122692,37.2793007,133.566238,6.80735636,49.9387131,89.2392197
1784708209133,20.2565384,37.1378403,133.14183,6.90715599,49.7816391,89.2556152
1784708209176,20.1868629,37.2025604,132.877274,7.00098515,49.7681999,89.2106934
1784708209219,19.901947,37.2391281,132.696808,7.11994886,49.7464142,89.2310867
1784708209262,19.4977818,37.3093109,132.420502,7.0199132,49.7943878,89.0815506
1784708209305,19.2232361,37.2645569,132.149719,6.90838194,49.8741837,89.0729675
1784708209348,19.0954895,37.1824608,131.950134,6.79572296,49.8798714,89.0501022
1784708209391,19.1113892,36.80439,131.559769,6.72495222,50.0459099,89.0211029
1784708209434,19.2666492,36.3837013,131.264343,6.70334482,49.9989166,88.9706116
1784708209477,19.4508476,35.8197174,130.69812,6.76440096,50.1700859,88.9788971
1784708209520,19.5613537,35.1410179,130.479431,6.99933052,50.1036491,89.0746765
1784708209563,19.5524845,34.5524063,130.131104,7.06192589,50.079483,89.0722504
1784708209606,19.601284,33.8270454,129.790039,6.98856211,50.1486206,89.0667648
1784708209649,19.7327785,33.1092148,129.389343,6.88639212,50.1710472,88.953743
1784708209692,20.0247765,32.4230614,129.154938,6.73426628,50.1028328,88.7927628
1784708209735,20.2996731,32.0656395,129.059509,6.68532944,49.9318314,88.6842041
1784708209778,20.4865685,31.8492966,128.757523,6.48231649,49.9407234,88.4552307
1784708209822,20.7645149,31.2938614,128.230301,6.25942039,50.2503242,88.3086929
1784708209865,21.0902672,30.4910603,127.781212,6.1568985,50.2835808,88.242836
1784708209912,21.4007587,29.6120796,127.407784,6.02040815,50.3285828,88.1453781
1784708209955,21.6811333,28.8474598,127.043259,6.00561857,50.2559547,88.0503464
1784708209998,21.9403267,28.3473797,126.72908,6.04445696,50.2201309,87.9843063
1784708210041,22.1361866,27.7835712,126.429596,6.15830231,50.3161659,88.0496063
1784708210084,22.1858158,27.18256,126.291153,6.38402319,50.2407608,88.2123032
1784708210127,22.0889874,26.636034,126.066483,6.515306,50.2041283,88.3937607
1784708210170,21.8456173,26.1470528,125.88871,6.74383736,50.1243095,88.6263885
1784708210213,21.431406,25.7482414,125.734283,6.91025066,50.1333008,88.7858429
1784708210257,21.0710449,25.23773,125.503822,6.84202433,50.2409058,88.7091827
1784708210300,20.8746567,24.5457363,125.189888,6.78070354,50.288826,88.6372757
1784708210352,20.9250412,24.021244,124.932732,6.68793535,50.2242012,88.5173264
1784708210400,21.1335278,23.5272388,124.646736,6.62476254,50.2658653,88.4386215
1784708210444,21.5430107,23.0799427,124.307579,6.44447803,50.2014389,88.331131
1784708210488,22.0495338,22.7644825,123.880142,6.38517761,50.2446365,88.2959137
1784708210531,22.6601639,22.4389496,123.513161,6.20147991,50.299427,88.1198959
1784708210575,23.3411484,21.8458786,122.966652,6.02734137,50.4884605,87.9007645
1784708210619,24.2861557,21.0830212,122.43335,5.66360807,50.4516449,87.6555099
1784708210662,25.3288212,20.3169613,121.716431,5.6560874,50.5474129,87.5215149
1784708210705,26.3912601,19.497488,121.113327,5.67231607,50.5749397,87.3699112
1784708210748,27.2848835,18.680954,120.469437,5.69737339,50.6443138,87.190094
1784708210792,27.9534321,17.9085751,119.771111,5.68115187,50.6737938,87.0530472
1784708210835,28.4586143,17.2459087,118.954597,5.56846571,50.8047638,86.9266281
1784708210878,28.8732967,16.547945,118.127174,5.44329596,50.9497032,86.7783279
1784708210921,29.3050117,15.792037,117.241638,5.27471352,51.0769806,86.6322556
1784708210964,29.7065773,15.0675697,116.288963,5.39867353,51.2150078,86.6012726
1784708211007,29.963377,14.3656244,115.368996,5.49818945,51.3385849,86.6577072
1784708211051,29.9367485,13.7000742,114.472382,5.71151733,51.5219154,86.7875824
1784708211094,29.7400818,12.9913139,113.582474,5.79092407,51.6879387,86.831955
1784708211137,29.4327278,12.3917818,112.627594,5.84992456,51.8909988,86.9026871
1784708211180,28.9600677,11.932992,111.83358,6.05900431,52.199131,87.1204758
1784708211223,28.3110123,11.6645136,111.276848,6.1712389,52.4318161,87.165062
1784708211267,27.6235313,11.4178686,110.992386,6.24340963,52.6414604,87.1858749
1784708211310,27.0116539,11.4052572,110.989151,6.28681469,52.5584641,87.2144089
1784708211353,26.4912167,11.8923016,111.245026,6.2501092,52.4203758,87.2054825
1784708211396,26.0371933,12.594718,111.552223,6.15999365,52.3986816,87.1561432
1784708211439,25.7218933,13.497613,111.978622,5.88873863,52.3500328,86.8956299
1784708211483,25.5223866,14.4240808,112.386673,5.64010048,52.3909645,86.7126923
1784708211526,25.1997604,14.9332495,112.065727,5.38161516,52.7960205,86.3303909
1784708211570,24.8120346,15.1820879,111.90799,5.07757854,53.0213814,86.0447235
1784708211613,24.4414272,15.1536121,111.477226,4.53151846,53.2910156,85.5232468
1784708211656,24.2335701,14.5020962,110.789604,3.99735498,53.6733971,85.0729065
1784708211699,24.4183731,13.5248957,110.445435,3.57380581,53.536232,84.979599
1784708211745,24.4912224,12.4263067,109.390182,3.49279833,53.7799835,84.9477539
1784708211790,24.4493637,11.2584696,108.414848,3.46698117,53.9214783,84.9038467
1784708211835,24.3062992,10.3176098,107.541443,3.3734169,54.0102997,84.7752762
1784708211880,24.0647984,9.52028275,106.747948,3.18922877,54.1090736,84.6015244
1784708211924,23.6878548,8.95625496,106.067741,2.99412656,54.1344414,84.4606705
1784708211970,23.241787,8.61590385,105.533165,2.74728346,54.2201653,84.2028809
1784708212015,22.7948818,8.33725834,105.03125,2.49415541,54.3185959,83.9975967
1784708212059,22.3225498,7.9702549,104.513962,2.36030078,54.3511658,83.9979324
1784708212104,21.7516117,7.75685978,103.880615,2.59274721,54.4671173,84.2043762
1784708212148,21.1161098,7.52126694,103.837227,2.58739185,54.4856911,84.3067551
1784708212193,20.3570004,7.18820858,103.532524,2.61710453,54.5571861,84.192543
1784708212238,19.5720196,6.92869806,102.991249,2.75587201,54.7399406,84.1613083
1784708212282,18.7643681,6.77123117,102.500916,2.81976652,54.8523064,84.1991272
1784708212325,17.9690552,6.86438894,102.46479,2.81858945,54.8353195,84.2399139
1784708212369,17.2918282,6.87927961,102.645912,2.76103616,54.8199272,84.3047714
1784708212413,16.798542,6.78112936,102.238556,2.41681838,54.9565086,83.9029846
1784708212464,16.6495876,6.73589087,102.054474,2.33487034,54.9927711,83.8304062
1784708212507,16.7006016,6.87944794,101.904137,2.33773088,55.0250549,83.6913681
1784708212550,16.8672962,7.05207634,101.669075,2.24325323,55.2771111,83.4511032
1784708212594,17.1445656,7.0041995,101.390976,2.05063462,55.4795265,83.1465454
1784708212637,17.6201305,6.82051754,101.026039,1.87900352,55.594986,82.9456711
1784708212680,18.2392902,6.53845596,100.681137,1.72068906,55.6396675,82.7660599
1784708212724,19.0207005,6.16395092,100.818527,1.4052093,55.3943787,82.7332306
1784708212768,19.8184052,5.73997498,100.307297,1.19696021,55.3917656,82.492897
1784708212813,20.6773739,5.45871973,99.5843506,1.25545967,55.5320549,82.3576431
1784708212857,21.3866768,5.34882975,99.1629868,1.26091886,55.5779877,82.3510056
1784708212901,21.7837048,5.24300814,98.8312759,1.09464967,55.6938477,82.2057419
1784708212944,22.0021992,5.00634909,98.1851425,0.777283907,55.9743118,81.823616
1784708212988,22.3888874,4.62711287,98.3820877,0.387995631,55.8794174,81.3936768
1784708213032,22.7396908,4.27275658,97.9850235,0.259658396,55.9444885,81.1960907
1784708213077,23.0596523,4.0304184,97.7316513,0.280909002,55.9454536,81.1878738
1784708213122,23.1130676,3.94124413,97.2889786,0.571044803,56.0181808,81.5330505
1784708213165,23.0556259,3.81375265,97.1665802,0.590859115,56.0660706,81.5412216
1784708213209,22.9449883,3.55435395,97.2753983,0.50608325,55.9687004,81.5714035
1784708213254,22.8157635,3.19947171,97.1387482,0.483030051,55.9440994,81.581955
1784708213299,22.7697792,2.8448391,96.9708481,0.606759369,55.8630486,81.7053375
1784708213344,22.7753983,2.62128305,96.4933472,0.789405823,56.0003891,81.7215958
1784708213388,22.9950275,2.23816681,96.2828445,0.843470156,56.0456963,81.8973923
1784708213433,23.1605816,1.54486012,95.8401337,0.994105935,56.2556992,81.9500504
1784708213478,23.3674889,0.551651537,95.27314,0.900578558,56.4075851,81.731842
1784708213525,23.8738632,-0.462259442,94.6669083,0.713805497,56.460289,81.4676819
1784708213570,24.8384476,-1.28154957,94.0899429,0.621043801,56.4922676,81.2910614
1784708213616,25.9912434,-1.78960538,93.3931503,0.684275627,56.5934944,81.1758881
1784708213660,27.2486,-2.06518841,93.1128235,0.640671313,56.5964165,81.0785828
1784708213704,28.470911,-2.25350642,93.1060791,0.467108488,56.4987526,80.8222351
1784708213750,23.4371376,-1.66459286,81.8341827,6.64540768,59.7709045,86.0478439
1784708213794,30.784277,-2.20476604,93.2094803,-0.233419448,56.2020264,80.0183105
1784708213839,31.8450699,-2.13193059,93.1407013,-0.575584412,56.0353584,79.7402191
1784708213883,32.7261429,-2.02994537,92.8734131,-0.702598751,55.9966469,79.694519
1784708213928,33.4021187,-1.9425168,92.4176941,-0.725022078,56.0542374,79.7046814
1784708213972,33.6870804,-1.97408104,91.7548141,-0.521649182,56.1754913,79.8435364
1784708214016,33.5072746,-2.08667397,91.1013641,-0.271794349,56.2487564,79.9985046
1784708214061,32.8868027,-2.23305416,90.4348984,-0.12660636,56.2880249,80.1796188
1784708214107,31.8089943,-2.27883959,89.5795441,0.196608499,56.3793755,80.4677658
1784708214154,30.4337006,-2.15911078,88.7371979,0.491251558,56.4955864,80.7579727
1784708214199,28.8521347,-1.92275417,88.2633438,0.874108851,56.5053291,81.0925446
1784708214244,21.6464195,-1.0845257,77.692627,6.3161459,59.7164268,86.0618286
1784708214289,25.0093307,-0.901421309,86.9168625,1.38039577,56.8877029,81.6387711
1784708214334,25.0093307,-0.901421309,86.9168625,1.38039577,56.8877029,81.6387711
1784708214384,25.0093307,-0.901421309,86.9168625,1.38039577,56.8877029,81.6387711
1784708214433,19.8411102,1.4930228,86.631073,1.63940096,56.6285782,82.2924347
1784708214478,18.1859512,2.03466439,86.2501221,1.86219466,56.8148575,82.4705048
1784708214522,16.7135506,2.51852846,86.5426788,1.8283627,56.6530914,82.6430817
1784708214567,15.2555819,2.97555494,86.5423203,1.69673884,56.6402702,82.6001282
1784708214612,13.9601498,3.43763781,86.4547958,1.53587067,56.656353,82.5305023
1784708214658,12.8436413,3.90716147,86.3910675,1.40908349,56.6847649,82.5131683
1784708214704,11.7590075,4.31069565,86.3294678,1.3497957,56.7216988,82.5732422
1784708214750,10.5286798,4.67867088,86.3251266,1.38483489,56.7500076,82.6718369
1784708214795,10.5286798,4.67867088,86.3251266,1.38483489,56.7500076,82.6718369
1784708214845,7.72597933,5.52112198,86.4090958,0.926859319,56.8507462,82.3352814
1784708214890,6.53680134,5.806036,86.364975,0.624860525,56.8981476,82.1137466
1784708214935,5.5721755,6.03854561,86.0763626,0.534194052,57.0768738,81.9873047
1784708214979,4.75870991,6.19970322,86.3795547,0.515350044,57.1693611,81.940361
1784708215023,3.77486539,6.32873869,86.2918777,0.757353485,57.1698227,82.4035721
1784708215067,2.7214036,6.49747467,86.486824,0.736659527,57.152317,82.5181274
1784708215111,1.60606706,6.71308565,86.6745453,0.675201118,57.1093178,82.5872803
1784708215155,0.566825986,6.93494511,86.880661,0.513544977,57.0570564,82.546875
1784708215200,-0.42740798,7.23676491,87.3443222,0.405326396,56.9574089,82.3952179
1784708215244,-1.38266122,7.5782032,87.3865356,0.488782942,56.8907661,82.6822128
1784708215288,-2.2249763,7.83821964,86.3234711,0.0582990833,57.2886009,82.250824
1784708215332,-3.22008348,8.24066734,87.7538681,0.363124371,56.9111404,82.5490189
1784708215376,-3.89686346,8.43468571,87.9072037,0.254405946,56.8311806,82.4578552
1784708215421,-4.42659473,8.67380428,88.02771,0.162762091,56.8053932,82.3862915
1784708215465,-4.79697227,8.79721546,87.7334061,-0.0225362685,57.0188866,82.1757278
1784708215509,-5.08568954,8.9104166,87.7263641,-0.108112052,57.0404816,82.1820831
1784708215553,-5.3558383,8.9875555,87.6874771,-0.154177055,57.0544701,82.2406006
1784708215598,-5.59618473,9.08408546,87.6497574,-0.174803957,57.0775604,82.3009109
1784708215642,-5.8413434,9.33206654,87.88591,-0.114825569,56.8663101,82.5303955
1784708215686,-6.12001705,9.69911575,87.669838,-0.0613059215,57.0219727,82.4970093
1784708215730,-6.58830214,10.2603312,87.9859619,0.0400805995,56.821701,82.7376022
1784708215774,-7.06902075,10.904294,88.0554962,-0.0350294821,56.8089943,82.6621552
1784708215819,-7.41807938,11.4384909,87.7558975,-0.0449130945,56.9985504,82.6004791
1784708215862,-7.7783823,12.1677456,87.7864838,0.0417629369,56.9710274,82.7446213
1784708215906,-8.11338806,12.8344908,87.867485,0.154233292,56.8904533,83.0671234
1784708215950,-8.42545795,13.3286552,87.4604416,0.305654705,57.142086,83.1443558
1784708215994,-8.83379459,13.7021732,87.228653,0.431396246,57.2986641,83.2832184
1784708216039,-9.35064602,14.003046,87.1191025,0.576812685,57.2755241,83.4391632
1784708216082,-9.91041851,14.4774332,87.2590942,0.836495757,57.08395,83.8311768
1784708216128,-10.4591656,15.0278006,87.2411041,1.05521309,57.0300903,84.1136246
1784708216173,-11.015974,15.5577269,86.9968719,0.909188211,57.2785378,84.0235214
1784708216217,-11.6531906,16.1497364,87.1491165,1.21829998,57.0594826,84.442482
1784708216263,-12.2558537,16.6087837,87.0078735,1.34931564,57.0822906,84.6202545
1784708216309,-12.880785,16.9417706,86.8424377,1.355955,57.1133232,84.6783142
1784708216356,-13.4862709,17.1111202,86.5667877,1.32657003,57.2057037,84.7235718
1784708216401,-14.0806627,17.1351089,86.3097,1.43056011,57.25494,84.8889847
1784708216447,-14.7030544,17.1399651,85.9471664,1.5917803,57.2951088,85.1236267
1784708216492,-15.341917,17.1823635,85.6236191,1.68455613,57.3394241,85.2884445
1784708216538,-15.9766827,17.2555637,85.298996,1.80120087,57.3545532,85.4672546
1784708216584,-16.7237968,17.3399811,85.0828476,2.13376379,57.3684959,85.8435059
1784708216629,-17.6756763,17.4808311,85.001152,2.38564205,57.3285866,86.1278458
1784708216675,-18.7296047,17.7889271,84.9804611,2.52657938,57.2220802,86.3402634
1784708216721,-19.7357273,18.2444401,84.8848724,2.3893075,57.3267632,86.2907944
1784708216765,-20.7101593,18.7522793,84.9767456,2.35580683,57.2819138,86.3643112
1784708216809,-21.5117798,19.3151207,85.1494141,2.39547896,57.2368622,86.4588089
1784708216853,-22.1846123,19.8156967,85.3395615,2.47072196,57.2649765,86.5368958
1784708216897,-22.7619877,20.2920322,85.6484985,2.64673519,57.2141914,86.6812973
1784708216941,-23.2180653,20.767065,85.9884338,2.77834249,57.1648674,86.7833328
1784708216985,-23.5823154,21.3624744,86.3734055,2.87410855,57.0616341,86.8642197
1784708217028,-23.8016758,21.890173,86.6994705,2.88058138,57.0402336,86.9266205
1784708217072,-23.9666862,22.4000359,87.0079803,2.9591558,56.9258308,87.0774002
1784708217116,-24.0979881,22.9524345,87.2465668,2.97052455,56.8668442,87.157402
1784708217160,-24.24613,23.4093609,87.3721085,2.97622418,56.8885765,87.1626892
1784708217204,-24.3984985,23.7477818,87.3468857,2.76240611,56.9266853,86.9980011
1784708217248,-24.4643803,24.0767441,87.2607193,2.54305077,56.9401588,86.7742233
1784708217292,-24.4715881,24.4163322,87.0886078,2.46477532,56.9880409,86.6866837
1784708217336,-24.5329247,24.6643333,86.7652588,2.50310135,57.1245651,86.747467
1784708217380,-24.7283688,24.7179413,86.4811249,2.59573555,57.2577438,86.920105
1784708217424,-25.1511154,24.8840218,86.2657166,2.86764097,57.1900902,87.2058945
1784708217468,-25.8181458,25.3266964,86.107811,3.09002113,57.0880089,87.3875732
1784708217513,-26.6441727,26.0907555,86.0132446,3.03224492,56.9421997,87.3331146
1784708217556,-27.4831581,27.0238209,85.9629822,2.89485693,56.811985,87.3168259
1784708217600,-28.2874069,27.9087029,85.8059311,2.83160615,56.8037453,87.4207382
1784708217644,-29.1618004,28.5622444,85.544838,2.95429516,56.8540916,87.6490097
1784708217688,-30.1471691,28.9666309,85.0542984,3.18959808,56.9417725,87.9638062
1784708217732,-31.2969456,29.0733452,84.3910522,3.46049404,57.1206169,88.3068619
1784708217776,-32.6380768,28.9736938,83.6080627,3.7907474,57.2246666,88.7253494
1784708217819,-34.3286858,29.0337429,83.3049469,4.43207502,57.054985,89.1986542
1784708217865,-35.7942963,28.9102898,82.4107132,4.61235428,57.139679,89.4848251
1784708217912,-37.1949654,28.8172951,81.5974808,4.63674068,57.1759834,89.7382126
1784708217958,-38.334877,28.6698685,80.3214264,4.45622206,57.4019699,89.9235229
1784708218002,-39.6338425,28.7778797,79.614975,4.53474903,57.4187965,90.1370621
1784708218046,-40.9971123,29.0343208,79.298027,5.02698326,57.184803,90.4701462
1784708218092,-42.9635849,29.9057846,80.3442612,4.19241762,56.3870544,91.324234
1784708218140,-43.1302452,29.1014862,78.0550461,3.85179663,57.6330643,90.6906052
1784708218187,-44.1112709,29.1264381,77.1554184,4.24667931,57.6389122,90.8887482
1784708218234,-45.3357162,29.8381767,76.6847305,4.94501972,57.0250664,91.4260635
1784708218280,-46.1300316,29.5857391,75.7146835,3.89832425,57.9114723,91.1012039
1784708218326,-46.986187,29.689642,74.4869919,5.56766558,57.7646141,91.4626236
1784708218374,-47.7507668,29.3560925,73.3804474,5.47683573,58.135788,91.5170364
1784708218418,-48.5456924,29.2025776,72.5633087,5.78714752,58.0809517,91.8452225
1784708218463,-49.0981522,29.0377312,71.5233154,5.85987425,58.3078156,91.9913635
1784708218508,-49.8937569,29.1772633,71.2666473,5.48897743,58.2028542,92.0755234
1784708218552,-50.5371056,29.1372814,70.5850067,5.54512358,58.3476982,92.1584473
1784708218596,-51.110405,28.9520836,69.9306259,5.62132549,58.4292183,92.311821
1784708218641,-51.7238274,28.75877,69.2192383,5.85390663,58.5530548,92.5912247
1784708218686,-52.47155,28.5322323,68.6243744,6.13727427,58.6204147,92.92173
1784708218729,-53.0531387,28.5333195,68.0018234,6.16820812,58.5969658,92.9948578
1784708218773,-53.5948181,28.7860184,67.5952225,6.45680857,58.5626335,93.2925949
1784708218818,-53.8658676,29.1570034,67.2034607,6.57632589,58.6020927,93.4418335
1784708218862,-53.9230919,29.424633,66.8181839,6.50327587,58.7726707,93.4384384
1784708218906,-53.9129372,29.6082649,66.5072708,6.67076302,58.8223915,93.6239014
1784708218950,-53.7956657,29.8065815,66.1389084,6.91779661,58.9073677,93.832016
1784708218995,-53.7273254,30.2823792,65.9187546,7.30370378,58.8572159,94.0714188
1784708219039,-53.7273254,30.2823792,65.9187546,7.30370378,58.8572159,94.0714188
1784708219089,-53.2415695,31.8165455,65.2100983,7.256001,59.4335747,93.9195328
1784708219135,-53.2415695,31.8165455,65.2100983,7.256001,59.4335747,93.9195328
1784708219184,-53.2415695,31.8165455,65.2100983,7.256001,59.4335747,93.9195328
1784708219235,-53.2415695,31.8165455,65.2100983,7.256001,59.4335747,93.9195328
1784708219284,-50.9285927,35.4399071,66.4652939,8.56545544,59.706234,95.3454971
1784708219329,-50.2334976,35.8231697,66.7150497,8.5879097,59.9345665,95.4079056
1784708219373,-49.4699097,35.8756828,67.0554123,8.54058743,59.9924049,95.3905716
1784708219417,-48.569519,35.9158325,67.4421005,8.54673767,59.9725113,95.4475479
1784708219462,-48.569519,35.9158325,67.4421005,8.54673767,59.9725113,95.4475479
1784708219512,-46.7341499,35.7923965,67.835556,8.80016804,60.0612679,95.5477829
1784708219556,-45.8533401,35.710701,67.9361267,8.49965477,60.3202362,95.1837463
1784708219600,-45.8533401,35.710701,67.9361267,8.49965477,60.3202362,95.1837463
1784708219651,-43.710247,35.6833649,68.4223862,7.67100668,60.2179031,94.3331604
1784708219695,-43.710247,35.6833649,68.4223862,7.67100668,60.2179031,94.3331604
1784708219745,-41.6892548,35.8764343,69.2971497,7.87014914,59.9475632,94.3929596
1784708219790,-41.6892548,35.8764343,69.2971497,7.87014914,59.9475632,94.3929596
1784708219843,-41.6892548,35.8764343,69.2971497,7.87014914,59.9475632,94.3929596
1784708219893,-38.5920143,35.3934364,70.4770126,6.88289022,60.5768776,93.2139435
1784708219938,-37.1428223,34.8794098,69.6466217,6.8927536,60.9098663,92.9997635
1784708219982,-36.104248,34.8574905,69.8979111,6.74149942,60.9094963,92.8212357
1784708220026,-35.0605125,34.7098579,70.1240997,6.70715046,60.926136,92.80867
1784708220071,-34.1302299,34.7673912,70.5187378,6.75064993,60.8118057,92.8021545
1784708220115,-33.2999001,34.9367485,70.8833847,6.83720016,60.7180939,92.7601395
1784708220159,-32.5620804,35.449604,71.3925858,6.85306263,60.5836372,92.6082458
1784708220204,-31.81814,35.8484573,71.9258118,6.81173658,60.5874977,92.4891205
1784708220248,-31.0412025,36.2060738,72.4830017,6.87524033,60.5346069,92.494957
1784708220293,-30.3266277,36.4916306,73.0159683,7.18112469,60.5075493,92.6817169
1784708220336,-29.7831802,36.790287,73.4747467,7.55755043,60.4591217,92.8739395
1784708220381,-29.3402004,37.1879005,73.9859238,7.71435213,60.3751297,92.8815384
1784708220425,-29.3402004,37.1879005,73.9859238,7.71435213,60.3751297,92.8815384
1784708220474,-29.3402004,37.1879005,73.9859238,7.71435213,60.3751297,92.8815384
1784708220524,-29.3402004,37.1879005,73.9859238,7.71435213,60.3751297,92.8815384
1784708220574,-29.3402004,37.1879005,73.9859238,7.71435213,60.3751297,92.8815384
1784708220623,-29.3402004,37.1879005,73.9859238,7.71435213,60.3751297,92.8815384
1784708220673,-29.3402004,37.1879005,73.9859238,7.71435213,60.3751297,92.8815384
1784708220722,-29.3402004,37.1879005,73.9859238,7.71435213,60.3751297,92.8815384
1784708220771,-29.3402004,37.1879005,73.9859238,7.71435213,60.3751297,92.8815384
1784708220821,-29.3402004,37.1879005,73.9859238,7.71435213,60.3751297,92.8815384
1784708220870,-29.3402004,37.1879005,73.9859238,7.71435213,60.3751297,92.8815384
1784708220919,-29.3402004,37.1879005,73.9859238,7.71435213,60.3751297,92.8815384
1784708220968,-29.3402004,37.1879005,73.9859238,7.71435213,60.3751297,92.8815384
1784708221018,-29.3402004,37.1879005,73.9859238,7.71435213,60.3751297,92.8815384
1784708221067,-29.3402004,37.1879005,73.9859238,7.71435213,60.3751297,92.8815384
1784708221116,-29.3402004,37.1879005,73.9859238,7.71435213,60.3751297,92.8815384
1784708221166,-29.3402004,37.1879005,73.9859238,7.71435213,60.3751297,92.8815384
1784708221215,-19.1151237,38.1577492,76.0535965,6.77137327,60.2800102,91.1638031
1784708221259,-18.7049484,37.0923309,75.5098419,6.52677488,60.3882866,90.9367828
1784708221302,-18.2634964,35.8779602,75.0684586,6.41291094,60.4827843,90.8255081
1784708221347,-17.7892647,34.6253662,74.6748962,6.38909578,60.4996109,90.7719879
1784708221390,-17.3167286,33.2968102,74.2912369,6.44053268,60.5722122,90.8533249
1784708221434,-17.0530586,31.8850117,73.9444046,6.75931025,60.6572456,91.098175
1784708221480,-16.9402084,30.3983707,73.7024918,6.85511875,60.6970139,91.1802902
1784708221526,-16.9417305,29.164484,74.6966782,6.15687418,60.3495407,90.8093567
1784708221571,-16.5425186,27.120924,72.7284393,6.23121738,60.9076805,90.794548
1784708221616,-16.5849724,25.5160408,72.6134949,6.54631376,60.8656273,91.0738144
1784708221662,-16.6980648,23.9909286,72.6221237,6.92071676,60.777153,91.3971176
1784708221707,-16.8735428,22.5924301,72.674881,7.22027016,60.7380714,91.5946579
1784708221752,-17.0742512,21.2332516,72.8347473,7.33908844,60.6869469,91.5950775
1784708221797,-17.0865879,19.831501,73.054245,7.26945305,60.6683426,91.4156647
1784708221842,-17.0927277,18.521862,74.8519745,7.92475939,60.1454697,91.4257889
1784708221889,-17.0927277,18.521862,74.8519745,7.92475939,60.1454697,91.4257889
1784708221939,-17.0927277,18.521862,74.8519745,7.92475939,60.1454697,91.4257889
1784708221989,-17.0927277,18.521862,74.8519745,7.92475939,60.1454697,91.4257889
1784708222039,-17.0927277,18.521862,74.8519745,7.92475939,60.1454697,91.4257889
1784708222089,-17.0927277,18.521862,74.8519745,7.92475939,60.1454697,91.4257889
1784708222139,-9.7616663,9.2028923,75.3345871,8.22172832,60.2299614,91.5330124
1784708222186,-9.06621647,8.36505795,75.9428406,8.16726971,60.1765404,91.4353333
1784708222232,-8.4648428,7.68490362,76.5615082,8.06148624,60.1429176,91.2346344
1784708222277,-7.91499758,7.11964083,77.3259201,7.99277115,60.0589905,91.031662
1784708222323,-7.37449265,6.75297832,78.1642151,7.89452171,59.9564819,90.8267441
1784708222368,-6.81683588,6.53828239,79.1758728,7.88792706,59.814846,90.8051834
1784708222414,-6.35830545,6.4050889,80.0650024,8.05658722,59.7056389,91.0059052
1784708222459,-6.16278267,6.25760603,81.066391,8.25852013,59.5771027,91.2204208
1784708222504,-6.21249342,6.23151875,81.9937744,8.43587208,59.4323959,91.405098
1784708222550,-6.52850437,6.32593822,82.9114838,8.71103573,59.3148727,91.6825943
1784708222595,-7.18053722,6.44802904,83.7117233,8.89451599,59.2725601,91.8978653
1784708222640,-8.0715313,6.43873882,84.4175262,9.00328541,59.2817535,91.9444733
1784708222685,-9.05215073,6.35461617,84.9709778,8.96339989,59.2514801,91.8936615
1784708222731,-10.1143999,6.36385202,86.4322815,9.32324791,58.9478607,92.153717
1784708222775,-10.8815813,6.31907129,86.7051544,9.39204407,58.9495354,92.3384094
1784708222820,-11.6505709,6.13402224,86.9005203,9.48837662,58.9924469,92.5378113
1784708222864,-12.4298115,5.78785229,86.9379044,9.53562641,59.0604973,92.6399765
1784708222909,-13.1791992,5.29916191,86.8860168,9.57261372,59.1071854,92.6988297
1784708222953,-13.8626528,4.7708869,86.8044739,9.5906992,59.1246758,92.6974182
1784708222998,-14.5182543,4.27577162,86.6007919,9.60866261,59.1577682,92.6971207
1784708223042,-15.1332779,3.83790684,86.4291382,9.5192709,59.1839104,92.6823044
1784708223087,-15.6213713,3.43770957,86.190506,9.3551712,59.2271271,92.6393051
1784708223131,-16.0280437,3.03002667,85.9745331,9.20143604,59.2884331,92.5719833
1784708223176,-16.420042,2.65924239,85.7364273,9.05877018,59.303051,92.4318924
1784708223221,-16.7833405,2.3827002,85.6163483,8.84279156,59.2859802,92.1941452
1784708223265,-17.1549797,2.23778248,85.3949738,8.72783279,59.3000717,92.1243134
1784708223310,-17.6343803,2.31025815,85.354393,8.52908802,59.2944374,91.9746323
1784708223355,-18.1420135,2.31699347,85.3443604,8.43621254,59.3491974,91.927002
1784708223400,-18.5826912,2.5083282,85.4605408,8.32400513,59.30299,91.832077
1784708223444,-18.9529667,2.81552482,85.6168823,8.31397915,59.2347374,91.7904739
1784708223489,-20.433054,3.51152086,91.1978607,4.86775541,57.9101448,91.9693222
1784708223534,-20.6796741,3.97058868,90.4624252,5.33219624,58.1082268,92.071434
1784708223579,-20.8628941,4.36728191,88.6699371,5.8618474,58.6774254,91.9662781
1784708223625,-21.5541229,4.77812576,89.1095734,4.46262264,58.7006721,91.7302704
1784708223670,-21.536171,4.97572136,87.4585876,5.04778099,59.1701889,91.4648361
1784708223715,-21.6860657,5.27697372,86.9485779,4.90097046,59.4160233,91.3581924
1784708223760,-21.8681507,5.44706964,86.5782547,4.37311983,59.6421242,91.2377777
1784708223806,-22.0936165,5.55449629,86.2718124,3.94322038,59.8270226,91.1246338
1784708223851,-22.3049755,5.59811878,85.9171524,3.96800995,59.9919891,90.889679
1784708223896,-22.635107,5.78767109,86.369278,3.18329859,59.9240608,90.6462326
1784708223942,-22.4579678,5.88570881,85.4799271,3.79832077,60.2691803,90.3191833
1784708223987,-22.63867,6.05940533,86.626709,3.4449091,60.1055107,90.2555771
1784708224032,-22.701498,5.95321321,87.9834061,3.09740901,59.9103317,90.2461166
1784708224078,-22.4939823,5.7266531,88.2687683,3.72584748,59.794796,90.3247681
1784708224123,-22.8363609,5.65924168,89.5585098,7.45087671,59.4226151,91.138298
1784708224167,-22.9141941,5.84144545,90.5024414,3.24462843,59.3766823,90.3965225
1784708224212,-23.076889,5.80712223,91.3435974,3.07291126,59.2273979,90.3438034
1784708224257,-22.7281818,5.56041622,89.803421,6.50879717,59.5886574,90.5004959
1784708224302,-23.2573185,5.74516726,91.6338959,3.08104634,59.2839432,90.2990341
1784708224347,-23.316061,5.79636621,91.1442261,3.38025665,59.511055,90.176033
1784708224392,-23.6686344,5.83661699,91.6649017,6.74669218,59.4191208,90.7277908
1784708224438,-24.0693226,5.97295856,92.4935684,6.85765362,59.347393,90.8643875
1784708224483,-23.8700333,6.2459054,91.1249542,3.35677481,59.8453598,90.0360336
1784708224528,-24.1602268,6.86641073,91.6059952,3.0339787,59.7932625,89.8135986
1784708224573,-24.5916042,7.77680779,93.2407837,2.49559188,59.5869064,89.7992249
1784708224618,-24.6349678,8.53466702,93.8251877,3.02234411,59.5752449,89.9480896
1784708224663,-24.6573067,9.29807758,94.1388855,3.77701044,59.6004372,90.1107101
1784708224708,-25.0902348,10.2722015,95.6440048,3.42680669,59.4106064,90.2419357
1784708224753,-25.1257496,10.9933624,95.6227493,3.87137055,59.6102257,90.0317078
1784708224798,-24.997118,11.505579,95.419899,4.83441639,59.8226471,89.8365936
1784708224842,-24.4518604,11.7267618,94.2929001,6.35365391,60.2210999,89.6720581
1784708224887,-24.4070015,12.1562166,95.3953934,6.68537474,60.0368614,89.8556442
1784708224932,-26.2046947,13.368824,103.368729,7.66741562,57.9428978,91.3742599
1784708224977,-25.9433556,13.688592,103.846313,7.637712,57.926445,91.3205185
1784708225020,-25.7269802,14.0705252,104.21431,7.6290164,57.903595,91.2278976
1784708225064,-25.5216751,14.6153927,104.167702,7.70780706,58.031601,91.2490463
1784708225108,-25.3451767,15.3553686,104.956886,7.41246748,58.0122108,90.9853745
1784708225152,-25.1256638,16.0774136,105.901001,7.26810741,57.8904915,90.8483047
1784708225196,-24.8896751,16.7952747,106.889091,7.35210848,57.6768341,90.7623825
1784708225240,-24.6335258,17.6530819,107.669662,7.20031929,57.5421677,90.751297
1784708225284,-24.4280643,18.8366756,108.686707,7.1802702,57.3654404,90.727066
1784708225328,-24.2844563,20.2273178,109.775261,7.22643948,57.2468147,90.7983932
1784708225372,-24.3531227,21.6015129,110.931305,7.34549761,57.1700516,90.8992615
1784708225416,-24.5890312,22.8249207,112.037704,7.31149054,57.0820961,90.7906418
1784708225460,-24.7560101,23.8671761,113.167915,7.2307744,56.9850922,90.6586304
1784708225504,-24.8137684,24.6839046,114.293205,7.26810741,56.9106331,90.6890945
1784708225547,-24.8552151,25.4932365,115.340157,7.45782661,56.7939873,90.8418579
1784708225592,-24.8174458,26.3035793,116.470306,7.59722948,56.7338486,91.0163422
1784708225636,-24.8012905,27.0297623,117.511513,7.87921333,56.6368675,91.2977371
1784708225680,-24.9254379,27.7313442,118.440254,8.0135107,56.5798035,91.3987808
1784708225724,-25.0192089,28.4147072,119.424187,7.96582603,56.488163,91.2961197
1784708225767,-24.9986324,29.1023903,120.419273,7.8889842,56.3801613,91.2152634
1784708225811,-24.8417492,29.7872925,121.295761,7.7578783,56.2920952,91.1436234
1784708225855,-24.6488247,30.4619598,122.205032,7.70109749,56.2113304,91.1470413
1784708225899,-24.5912724,31.0858784,122.972534,7.7872076,56.1276627,91.1647415
1784708225943,-24.6148415,31.6441135,123.773956,7.52838659,56.0885086,90.9327316
1784708225987,-24.5545979,32.0606689,124.419975,7.24815798,56.0535774,90.7016296
1784708226030,-24.4371815,32.4845505,125.11393,7.1432209,55.9753265,90.6486206
1784708226074,-24.2957745,32.8965492,125.750603,7.07772589,55.9016075,90.6392593
1784708226119,-24.2923908,33.3625336,126.365021,7.19886255,55.8296928,90.7617416
1784708226162,-24.4962196,33.8698502,126.846085,7.31145191,55.7836533,90.8424759
1784708226206,-24.8131466,34.2200699,127.259041,7.30681849,55.8664398,90.8201828
1784708226250,-25.2251282,34.5069199,127.793777,7.36848974,55.7873192,90.8811874
1784708226294,-25.6459312,34.7860146,128.232468,7.47807455,55.7241669,91.0915604
1784708226338,-26.1365929,35.2229614,128.664902,7.68200922,55.6848526,91.2940979
1784708226382,-26.7233372,35.6637802,129.173492,7.80380201,55.6584892,91.4337692
1784708226427,-27.3141613,36.0568047,129.75943,7.85519028,55.6072388,91.4633942
1784708226470,-27.8938808,36.6196136,130.524902,8.01397038,55.4431,91.5741959
1784708226514,-28.3322029,37.3146133,131.189331,8.03175545,55.3294334,91.6068726
1784708226557,-28.5758133,38.1254425,131.987503,7.95608759,55.2411804,91.6592941
1784708226601,-28.6848602,38.9025955,132.743423,8.09983635,55.128849,91.8226242
1784708226644,-28.7153435,39.5931702,133.507111,8.16680622,55.0553055,91.9625626
1784708226688,-28.714613,40.2547493,134.232269,8.24579239,54.9387894,91.9794083
1784708226731,-28.6263237,40.976944,134.828018,8.25582695,54.8542023,91.9592361
1784708226774,-28.4688187,41.6955376,135.365433,8.32847786,54.8210068,91.9836426
1784708226818,-28.2337933,42.3226357,135.903351,8.30078793,54.8149796,91.9640503
1784708226861,-27.912365,42.8129959,136.250031,8.30642891,54.813736,91.9627991
1784708226905,-27.6240845,43.3034897,136.636703,8.29605579,54.8183479,91.9897537
1784708226948,-27.4515095,43.7190933,137.002396,8.34297752,54.7978058,92.0058594
1784708226991,-27.3723183,44.1549225,137.279129,8.28217316,54.781147,91.8947296
1784708227035,-27.2892418,44.4431458,137.490692,8.1008606,54.8604126,91.723259
1784708227079,-27.1808128,44.6838951,137.652405,8.01694012,54.8644524,91.6925507
1784708227122,-27.1536446,44.9531288,137.895325,8.0757494,54.8632812,91.7680283
1784708227166,-27.2175217,45.1464729,138.006516,8.04481792,54.8977356,91.7791138
1784708227209,-27.2959194,45.4933929,138.139862,8.08230019,54.8699341,91.7982712
1784708227253,-27.4983845,45.9422798,138.462021,8.28496933,54.8760986,91.9942627
1784708227296,-27.9617672,46.4190903,138.727875,8.52610207,54.8860397,92.2096558
1784708227340,-28.5524216,46.7935753,139.083679,8.59076214,54.9258385,92.308342
1784708227383,-29.0936756,47.1248016,139.515228,8.65829945,54.8803024,92.4154892
1784708227426,-29.6603546,47.479538,139.864288,8.92571163,54.7814789,92.6309891
1784708227470,-30.2790546,47.9520798,140.271851,9.03989792,54.7088394,92.7531738
1784708227513,-30.8058624,48.2612839,140.49881,9.0266161,54.7471352,92.8364716
1784708227557,-31.2048607,48.4451294,140.7314,9.03575134,54.7677727,92.8872375
1784708227600,-31.3895397,48.4898338,140.886261,9.06434917,54.7886276,92.9347382
1784708227644,-31.4394665,48.5751457,140.809296,9.16845322,54.7661324,93.032608
1784708227687,-31.527874,48.7224998,140.810745,9.30877113,54.7598648,93.1931686
1784708227731,-31.631691,48.9202042,140.733154,9.35984612,54.7511253,93.2372818
1784708227774,-31.7163773,49.1254959,140.523926,9.31322384,54.7403793,93.2269516
1784708227818,-31.7400036,49.4480324,140.298615,9.23803902,54.7313957,93.1707382
1784708227861,-31.6396885,49.8627014,139.992432,9.08665848,54.7697372,93.071991
1784708227905,-31.4274826,50.1542473,139.666412,8.9659481,54.887619,92.9522018
1784708227948,-31.1262245,50.3650398,139.451447,8.90743637,54.8877296,92.8864517
1784708227992,-30.7961102,50.6750679,138.991241,9.06523991,54.8763657,92.9659042
1784708228035,-30.6134605,51.2089462,138.594727,9.14068699,54.9413681,93.0844116
1784708228084,-30.5269451,51.7234497,138.314392,9.24363041,55.0472641,93.1635818
1784708228128,-30.4909477,52.2409172,138.042725,9.26150799,55.0757866,93.2278442
1784708228171,-30.5428925,52.8601837,137.863647,9.39264202,55.0563698,93.3001404
1784708228215,-30.6440754,53.5120354,137.604828,9.40348721,55.1329117,93.2909698
1784708228258,-30.7723331,54.0378532,137.418579,9.48820019,55.2895813,93.3634415
1784708228302,-30.9578228,54.4191284,137.330292,9.60415363,55.2841568,93.4825897
1784708228345,-31.1703873,54.7287636,137.136093,9.73183632,55.3779335,93.6173019
1784708228389,-31.5005302,54.9940338,136.927979,9.87697601,55.4451714,93.7394257
1784708228432,-31.9745235,55.3852654,137.019989,9.63799286,55.5341644,93.7029037
1784708228476,-32.4341927,55.7143288,137.256821,9.40473461,55.6375923,93.6659317
1784708228520,-32.8396339,55.870533,137.41922,9.46417999,55.618103,93.6422348
1784708228563,-33.1259232,56.0015297,137.728836,9.2784462,55.5392265,93.5302811
1784708228606,-33.2212563,56.21035,138.125854,8.94349289,55.5374565,93.5086288
1784708228650,-33.3284073,56.4950294,138.490189,9.27084827,55.4457512,93.69561
1784708228694,-33.4070206,56.6976318,138.8396,9.18684959,55.4457321,93.6079559
1784708228737,-33.3324699,56.8665886,139.202606,9.09820557,55.4698296,93.5486374
1784708228780,-33.2690353,57.0084419,139.593689,9.18434143,55.3879509,93.604248
1784708228823,-33.2368202,56.9797096,139.808884,9.00061226,55.5602188,93.5774231
1784708228866,-33.2610474,56.8513222,139.987015,9.22840595,55.4671211,93.6343536
1784708228910,-33.2016983,56.7679329,140.103745,9.30314922,55.4117432,93.6602325
1784708228953,-32.9132919,56.7261353,140.273926,9.14577389,55.4771729,93.5731964
1784708228997,-32.5462875,56.6003075,140.5569,9.32188225,55.4500618,93.6030731
1784708229040,-32.082962,56.3809319,140.860046,9.24048233,55.4308128,93.5186996
1784708229084,-31.6664619,56.3141708,141.235687,9.44762516,55.278347,93.556076
1784708229127,-31.3917217,56.4932404,141.784485,9.45477867,55.1714783,93.5725021
1784708229170,-31.1225567,56.751194,142.261887,9.31119537,55.1203041,93.5093155
1784708229216,-30.7981071,56.8745422,142.695358,9.29297161,55.145874,93.5047989
1784708229259,-30.4591675,56.8607292,143.03299,9.30556488,55.1171799,93.5455704
1784708229303,-30.1626434,56.9829102,143.369934,9.33209419,55.00103,93.5843048
1784708229346,-29.8180885,57.1220131,143.583725,9.52819061,54.9416237,93.6801147
1784708229389,-29.5087452,57.1768036,143.638885,9.59170818,54.9108353,93.7264786
1784708229433,-29.2503948,57.1757545,143.523483,9.59843254,54.9503098,93.7123184
1784708229476,-28.9892406,57.1487846,143.311295,9.54708195,54.9745636,93.6868515
1784708229520,-28.6281338,56.9886894,142.928604,9.57271576,55.109375,93.7834778
1784708229563,-28.2754021,56.6797447,142.478485,9.68444157,55.2428856,93.9492874
1784708229606,-28.0074596,56.291378,142.072556,9.93998432,55.2631874,94.1064377
1784708229650,-27.8144379,55.9494667,141.566299,10.0827732,55.2037163,94.1689987
1784708229693,-27.578764,55.8008881,141.044785,10.184247,55.1963692,94.2627335
1784708229737,-27.3287544,55.7153969,140.547501,10.1866636,55.2384109,94.3454971
1784708229780,-27.0810699,55.5059662,140.025513,10.2019577,55.347435,94.4139709
1784708229823,-26.7780323,55.492878,139.587433,10.1836271,55.1982689,94.3787384
1784708229866,-26.5002594,55.5894127,139.025314,10.4030132,55.1869392,94.5053711
1784708229909,-26.4070625,55.6775398,138.3237,10.4534435,55.3407974,94.7046738
1784708229953,-26.4321251,55.5795708,137.788574,10.4902964,55.5479164,94.8255615
1784708229996,-26.4714298,55.3555679,137.268707,10.6624241,55.5700798,95.0171814
1784708230039,-26.5004482,55.1519089,136.763794,10.7013092,55.6004944,95.1000671
1784708230082,-26.5027771,55.0054626,136.282608,10.7433634,55.6318855,95.1125793
1784708230125,-26.5312748,54.8845482,135.882889,10.7401695,55.652935,95.1085892
1784708230169,-26.5141144,54.8607407,135.537537,10.6541958,55.6234436,95.044342
1784708230212,-26.2898598,54.8583755,135.185104,10.4327965,55.662426,94.9585114
1784708230256,-25.8815422,54.8525314,134.973389,10.3164835,55.7003212,94.9504776
1784708230299,-25.4561176,54.6931686,134.650146,10.4688864,55.713726,95.0630646
1784708230342,-25.1182404,54.3492317,134.164154,10.402133,55.7933884,95.1015244
1784708230385,-24.7671528,53.9073753,133.455215,10.4994535,55.8158531,95.2369461
1784708230428,-24.475975,53.3910904,132.702042,10.7393723,55.8773041,95.4925461
1784708230472,-24.2686119,52.6367455,131.684998,11.0345116,55.997303,95.7342682
1784708230515,-24.0451927,51.7128677,130.79248,10.8484592,56.1272011,95.7109299
1784708230559,-23.713522,50.7810669,129.821457,10.9146013,56.1609917,95.7869186
1784708230602,-23.3985634,50.0797691,128.797165,10.9505472,56.1607895,95.7982941
1784708230646,-23.1962757,49.5058479,127.748856,11.0749922,56.3129234,95.7967224
1784708230689,-23.0629635,48.9904823,126.850639,11.0151854,56.4027519,95.7416458
1784708230732,-22.914608,48.563282,126.168747,10.9944258,56.4320526,95.7937851
1784708230776,-22.9412594,48.4664116,125.552193,11.3331432,56.3325806,96.1597366
1784708230820,-23.0230179,48.6160851,125.215027,11.0749969,56.4526367,96.0546951
1784708230863,-22.8059483,48.9300499,125.086678,10.5970783,56.3609619,95.7758636
1784708230907,-22.2340088,49.3524017,125.164825,10.3856211,56.3745346,95.7117004
1784708230950,-21.6368809,49.7988586,125.438232,10.4956074,56.2708969,95.8018799
1784708230994,-21.2180824,50.2339516,125.65464,10.5271235,56.1549072,95.7904739
1784708231037,-20.8745022,50.609417,125.899834,10.3643217,56.1422615,95.7843552
1784708231080,-20.5847301,50.8639908,125.980667,10.1543846,56.2252274,95.7494278
1784708231124,-20.3041782,50.7933846,125.820755,10.3151236,56.2809868,95.7519226
1784708231167,-19.9198189,50.3484154,125.461357,10.1328945,56.4528122,95.5730362
1784708231210,-19.6070385,49.6574211,125.05143,10.385253,56.487114,95.7039413
1784708231254,-19.3897877,48.9862595,124.565422,10.6032619,56.5284538,95.9154587
1784708231298,-19.2805004,48.2769623,124.155205,10.783329,56.6009178,96.153511
1784708231341,-19.3028889,47.5599022,123.77932,10.9243269,56.6633263,96.3293304
1784708231385,-19.2968807,46.9926376,123.441666,10.9572802,56.5336113,96.3508911
1784708231428,-19.1465721,46.8196259,123.200745,11.0100012,56.4852943,96.4625702
1784708231471,-19.0057373,46.6864395,122.970901,11.2869749,56.5014839,96.7193375
1784708231515,-18.9793377,46.5784111,122.915443,11.4164867,56.524395,96.9016037
1784708231558,-18.9703693,46.5323563,122.882751,11.5457592,56.4993401,97.0619431
1784708231602,-18.9100533,46.438118,122.958191,11.6644192,56.4997368,97.2333908
1784708231645,-18.7336006,46.3802643,123.163719,11.6664314,56.4456367,97.4023285
1784708231688,-18.4957256,46.2107582,123.40052,11.9876308,56.3662567,97.8757324
1784708231732,-18.3175449,46.3323441,123.714989,12.3586988,56.1448059,98.2584
1784708231775,-18.2061386,46.468502,124.078346,12.6424475,56.1310196,98.4268265
1784708231818,-17.8160763,46.797924,124.429909,12.4700832,55.8793221,98.2330933
1784708231862,-16.7845612,46.7443237,124.785347,12.175662,56.1735649,98.2930222
1784708231905,-15.5303917,46.5949936,125.609764,12.7962599,55.4894447,98.8837509
1784708231950,-14.4490147,46.5791817,126.363846,13.6834755,55.333889,99.5628967
1784708231993,-13.9776182,46.6129303,127.274628,14.2627945,54.6328697,99.8829269
1784708232037,-13.8942137,47.2018166,127.9729,14.7260141,54.3473892,100.275604
1784708232080,-13.802784,47.6351128,128.536316,14.8263559,54.3088951,100.448799
1784708232124,-13.8584757,48.036068,129.277588,15.320653,54.1547241,100.829727
1784708232167,-14.0270872,48.3158073,129.891617,15.9802008,53.9905052,101.372032
1784708232210,-14.2476797,48.5621719,130.63092,15.9481792,53.8049889,101.483215
1784708232253,-14.1760111,48.2032585,131.439774,16.3984985,53.7535172,102.02021
1784708232296,-14.3611212,47.7777786,132.184647,16.6469784,53.2436523,102.260864
1784708232340,-14.5608492,47.3087387,132.719147,16.9874763,52.8132324,102.517647
1784708232386,-14.8954191,47.2850914,133.01178,17.2187881,52.3170586,102.712433
1784708232429,-14.8702612,47.1517792,132.965134,17.4556751,52.4088173,102.979141
1784708232472,-14.7969923,46.6139107,133.057312,17.7914467,52.3111382,103.484612
1784708232515,-14.8291264,45.6381798,132.986038,18.4946423,52.1453094,104.160896
1784708232559,-14.9542675,44.4985161,132.837433,18.8127632,51.8447914,104.498512
1784708232602,-15.3889599,43.8673706,132.608994,19.4152832,51.2405853,104.891182
1784708232645,-16.2738342,43.9099197,132.208542,19.5937233,50.9721985,105.009224
1784708232689,-17.1986961,44.1009636,131.758286,19.2862568,51.0865974,104.941612
1784708232732,-17.735239,44.2765236,131.341293,18.9780464,51.1413879,104.88739
1784708232776,-17.8506641,44.534481,130.998993,18.8929272,51.1516418,104.940323
1784708232819,-17.9072514,45.0223083,130.704559,18.9954624,50.9543076,104.903984
1784708232862,-18.1408386,45.9533768,130.278381,19.0376167,50.8928299,104.675034
1784708232906,-18.3024464,46.8356743,129.805405,18.6982136,51.2387924,104.362717
1784708232949,-18.1751461,47.1450958,129.350281,18.4285717,51.6334343,104.273621
1784708232992,-17.820858,47.1281929,129.161407,18.1583538,51.6743736,104.216316
1784708233035,-17.1632881,47.0954895,129.070984,18.0779152,51.5605087,104.277802
1784708233078,-16.502861,47.3589554,129.075348,18.2395973,51.2710724,104.422791
1784708233121,-16.0477772,48.0099144,129.114136,18.5450611,51.0761147,104.472244
1784708233164,-15.8958569,49.0556564,129.321518,18.5796375,50.9357147,104.404816
1784708233208,-15.938448,50.1890678,129.417206,18.5636063,51.1102905,104.30986
1784708233251,-15.9901943,50.7931099,129.634537,18.5583172,51.4059944,104.320366
1784708233294,-15.9277306,50.9927444,130.066406,18.4476814,51.4339027,104.349754
1784708233337,-15.7248058,51.1090317,130.511002,18.4457321,51.3829613,104.455292
1784708233380,-15.4704857,51.2802811,131.104202,18.5820427,51.1475296,104.658493
1784708233423,-15.3366547,51.8288078,131.800858,18.8594456,50.8491936,104.852066
1784708233467,-15.458601,52.7061272,132.676285,18.9880409,50.6709366,104.93618
1784708233510,-15.7594566,53.6878929,133.626999,18.8166237,50.6671715,104.808449
1784708233553,-15.9013681,54.738327,134.897629,18.1613598,50.7212296,104.58036
1784708233597,-15.8040733,55.6819115,136.078384,18.3099957,50.6144371,104.646637
1784708233640,-15.6313896,56.4001427,137.268524,18.256012,50.5132866,104.890358
1784708233683,-15.452076,57.031662,138.367325,18.261816,50.3165703,105.05825
1784708233727,-15.3819647,57.4439621,138.268143,19.2402916,50.131012,105.379051
1784708233770,-15.2378883,57.6347389,138.607269,19.2441597,50.1045532,105.374329
1784708233814,-15.0596914,57.5708237,138.546021,19.1784649,50.3038025,105.382462
1784708233857,-14.6883545,57.1654968,139.086395,18.359827,50.5542526,105.210526
1784708233900,-14.3767967,56.7178764,138.581131,18.4435749,50.3910866,105.237358
1784708233943,-14.0122747,56.3283005,137.892715,18.4605331,50.44487,105.141968
1784708233987,-13.4932766,55.8305817,137.135269,18.2603893,50.5670204,104.929573
1784708234030,-12.7350845,55.4388924,136.413666,18.0656013,50.5263748,104.762764
1784708234073,-11.7920933,55.1178589,135.715622,18.0188389,50.626606,104.693192
1784708234116,-10.8482428,54.7780418,135.196289,18.1635265,50.5640945,104.741409
1784708234159,-10.118557,54.6750488,134.680313,18.2760181,50.4356804,104.779221
1784708234202,-9.54808235,54.6783905,134.319122,18.3024063,50.5178719,104.804878
1784708234245,-9.05185604,54.6658554,133.971375,18.1523533,50.5376358,104.773949
1784708234288,-8.54014874,54.6673393,133.692337,17.9777145,50.6252937,104.699562
1784708234331,-8.04715729,54.3275223,133.439972,18.2121811,50.7185097,104.819298
1784708234374,-7.51471663,54.3941116,133.469208,18.1871834,50.2817421,104.763016
1784708234417,-7.02187681,54.7363586,133.602402,18.104538,50.3228302,104.855728
1784708234461,-6.66760397,55.1491394,133.89473,18.2084694,50.3213501,104.971001
1784708234504,-6.51510906,55.600956,133.580231,18.8697605,50.0879173,105.055733
1784708234547,-6.26937675,55.841362,133.920563,18.8445091,50.038372,105.015129
1784708234590,-5.98392534,55.6323204,134.111618,18.8567829,50.1528206,105.117287
1784708234634,-5.28089762,55.3417549,135.039444,18.0909309,50.1077118,104.918022
1784708234677,-4.20127344,54.8379784,135.038712,18.175478,49.9920769,104.779518
1784708234720,-3.56064701,54.4237938,135.558258,19.5734768,49.2727432,105.356277
1784708234763,-3.34915662,54.4506607,135.881958,19.5735397,48.8935394,105.251122
1784708234807,-3.05893826,54.1371994,136.056412,19.5378304,48.9826126,105.213203
1784708234849,-2.71157551,54.2201614,136.146347,19.5946198,48.8039207,105.186188
1784708234893,-2.42838264,53.7122421,136.112946,19.7757568,49.0824699,105.430016
1784708234936,-2.07013726,53.5026741,136.332352,19.6693134,48.6704178,105.407913
1784708234979,-1.52169383,53.2346191,136.225891,19.6309929,48.7578583,105.486313
1784708235022,-0.946737885,52.9523621,136.290146,19.6991882,48.6471786,105.538963
1784708235065,-0.400980145,52.7704811,136.322525,19.664011,48.4298172,105.506416
1784708235108,0.111622319,53.0887871,136.360168,19.6676388,48.1701012,105.442406
1784708235151,0.611241698,53.1670151,136.137375,19.6461964,48.4507942,105.400276
1784708235194,1.15972149,53.3200302,135.929886,19.46492,48.3571167,105.138123
1784708235237,1.78644288,53.1206474,135.73703,19.5333118,48.720047,105.296509
1784708235280,2.44830132,52.7278824,135.666992,19.511467,48.5372505,105.246498
1784708235323,3.10937428,52.3583603,135.594925,19.5421505,48.4232101,105.204102
1784708235366,3.74646282,52.3229752,135.324615,19.375412,48.1670685,104.996246
1784708235409,4.37934065,52.2833405,134.992386,19.3887711,48.3149376,104.997482
1784708235452,4.92335701,52.4537773,134.774918,19.4391346,48.2011833,104.945015
1784708235495,5.35341835,52.5205078,134.581284,19.5434036,48.4125748,105.029671
1784708235538,5.67454243,52.1032448,134.423843,19.6636219,48.5510139,105.162949
1784708235582,6.08022785,51.6554413,134.374908,19.4248695,48.4757652,105.066345
1784708235625,6.76543856,50.7385254,134.304138,19.3599854,48.7309685,105.053123
1784708235668,7.69098377,49.4675903,134.602936,19.1448116,48.3679543,104.897629
1784708235712,8.70456791,48.8887787,134.732941,19.3491802,47.7337608,104.907799
1784708235755,9.33433533,48.8485718,134.97879,19.7190151,47.3042603,105.158661
1784708235798,9.49403667,48.7688484,134.945999,20.1186314,47.2955437,105.471291
1784708235841,9.37469196,48.7188568,134.995316,20.24473,47.1173058,105.522087
1784708235884,9.17617512,48.5965614,134.763062,20.2843952,47.2182999,105.649498
1784708235927,8.88750744,48.5488586,134.604492,20.3405819,47.1260872,105.642235
1784708235970,8.57114697,48.5467415,134.373611,20.3998985,47.2657585,105.649269
1784708236013,8.20031261,48.568161,134.244278,20.2799606,47.2927475,105.634018
1784708236056,8.03467083,48.5536995,134.155273,20.1113014,47.4633827,105.583344
1784708236099,8.17795086,48.417038,134.154724,19.9748211,47.5547714,105.502289
1784708236143,8.45656872,48.071846,134.277512,20.0037842,47.5902252,105.483124
1784708236186,8.8248558,47.8544502,134.515442,19.9534054,47.3647156,105.385994
1784708236229,8.95159912,47.8740349,134.771713,20.1362896,47.136364,105.471092
1784708236272,8.75679684,48.0676537,134.991089,20.2690239,47.0486145,105.47892
1784708236315,8.3649826,48.1090126,135.012329,20.2668114,47.1576042,105.478416
1784708236358,8.05460072,48.1308441,135.137482,20.0864143,47.2655525,105.378044
1784708236402,7.95903254,47.8882179,135.212967,19.8744793,47.4053421,105.258965
1784708236450,7.98626995,47.5255814,135.340408,19.8768082,47.4140625,105.268997
1784708236493,7.9507556,47.2829475,135.556381,19.8456917,47.1770859,105.248787
1784708236537,7.75092936,47.3841629,135.81311,19.9797325,46.9848747,105.310249
1784708236581,7.3564167,47.5345573,135.979782,20.1332893,46.9735947,105.388741
1784708236624,6.97704744,47.602932,136.092789,20.0483379,47.1185341,105.366867
1784708236671,6.77855349,47.6279297,136.314178,19.9871635,47.1615677,105.397888
1784708236714,6.63878202,47.6393433,136.611542,20.0172443,47.0897179,105.501579
1784708236757,6.44811678,47.8508873,136.967331,20.1715908,46.9579659,105.527222
1784708236801,6.12332153,48.0977631,137.43544,20.2572231,46.8510704,105.590637
1784708236844,5.65204525,48.5021553,137.819183,20.2439556,46.780983,105.557358
1784708236889,5.23007393,48.8871269,138.320374,20.1204948,46.7698975,105.449097
1784708236932,4.99373055,49.352787,138.592728,19.8660412,46.7943687,105.282814
1784708236975,5.01690626,49.6595039,138.817383,19.7714176,46.9417381,105.277351
1784708237018,5.14097309,49.8774376,139.074081,19.8190384,46.9151001,105.360046
1784708237061,5.0897007,50.0355492,139.33844,19.9903812,46.8706322,105.483879
1784708237105,4.86495113,50.406601,139.613831,20.0713558,46.752449,105.462944
1784708237148,4.55812693,50.9276886,139.821945,19.9610767,46.6865654,105.385132
1784708237191,4.37268305,51.4588966,139.92012,19.7661152,46.7736626,105.246559
1784708237234,4.33296299,51.8928947,139.93541,19.5990696,46.8906212,105.137291
1784708237277,4.30796862,52.3437157,139.948944,19.5689793,46.9215355,105.115738
1784708237320,4.21096754,52.7708664,139.903214,19.5668793,46.995697,105.115112
1784708237363,4.04127359,53.2147064,139.848724,19.5692863,47.0150986,105.091576
1784708237406,3.89246082,53.6992874,139.802643,19.39468,47.0680122,104.988693
1784708237449,3.73082328,54.0967979,139.775223,19.423233,47.1319656,104.994423
1784708237493,3.4533236,54.5871506,139.735046,19.3998432,47.0562325,104.991341
1784708237536,3.06657672,55.0876617,139.715851,19.4255123,47.1852951,105.01403
1784708237579,2.58399487,55.4903183,139.807571,19.4467297,47.1503105,105.04966
1784708237622,2.07222271,55.925518,139.822571,19.4042778,47.2014809,105.043587
1784708237666,1.72109592,56.1780357,139.740158,19.2317047,47.395668,104.965866
1784708237709,1.52916431,56.4426727,139.76683,19.0590267,47.4262505,104.92305
1784708237752,1.36868572,56.6346626,139.795227,19.0931683,47.5717468,105.039505
1784708237795,1.19746435,56.8814011,139.924408,19.0786228,47.5267677,105.09082
1784708237838,0.9670946,57.0223923,139.977905,19.1505375,47.6545143,105.247238
1784708237881,0.636330485,57.1692085,140.106842,19.112669,47.576973,105.287819
1784708237924,0.319165915,57.4654121,140.310776,18.9014797,47.6033859,105.195061
1784708237968,0.0854640231,57.6104813,140.235611,18.7365322,47.8169708,105.166824
1784708238012,-0.0158577692,57.7603493,140.262009,18.4926357,47.9886894,105.114952
1784708238055,-0.00535794068,57.8533554,140.3797,18.4695301,48.0210419,105.083282
1784708238099,-0.0065120887,57.8627625,140.344391,18.5104828,48.0908356,105.168556
1784708238142,-0.0620538481,57.9219742,140.546814,18.5541248,47.9488335,105.220367
1784708238186,-0.127103582,57.9121971,140.553741,18.5919399,47.9901123,105.280045
1784708238230,-0.228442058,57.7530594,140.402847,18.6597614,48.0202942,105.326241
1784708238274,-0.356884301,57.7395401,140.45694,18.6783695,47.9150581,105.316971
1784708238317,-0.411764681,57.8309822,140.488983,18.4231739,47.890152,105.183319
1784708238360,-0.312735349,57.8084412,140.303879,18.3130226,48.0870209,105.133591
1784708238404,-0.0723920986,57.7822113,140.287811,18.2406578,48.0009422,105.066574
1784708238447,0.107183419,57.6334572,140.150574,18.4654274,48.1173592,105.2444
1784708238491,0.248748526,57.6745071,140.143936,18.4858704,47.8413658,105.263252
1784708238534,0.390285105,57.9536552,139.608612,19.0550709,47.6977501,105.415817
1784708238578,0.785308778,58.1754189,139.533264,18.9913006,47.6956406,105.377281
1784708238622,1.30780208,58.2974358,139.410187,19.0251617,47.8050041,105.427536
1784708238665,1.88114285,58.5027428,139.44136,19.0306187,47.7285995,105.529236
1784708238710,2.38558292,58.835804,139.508865,19.2434998,47.655014,105.65995
1784708238753,2.82972026,59.1026154,139.534027,19.3868198,47.734417,105.735558
1784708238797,3.2920723,59.2287788,139.670563,19.4242687,47.7612228,105.77932
1784708238845,3.98296475,59.4909782,139.815186,19.1519356,47.6698112,105.638428
1784708238889,4.79106903,59.6935272,139.806274,19.3162804,47.7171669,105.748352
1784708238933,5.68578672,59.9637527,139.863052,19.2903938,47.6555595,105.77887
1784708238976,6.61454153,60.3308411,139.97728,19.500021,47.592514,105.917213
1784708239020,7.56331778,60.5563316,139.996826,19.6952686,47.666153,106.117821
1784708239064,8.51203823,60.4764633,140.142471,19.990921,47.7455139,106.366005
1784708239108,9.25140858,60.2239113,140.363388,20.3486481,47.5649071,106.637794
1784708239152,9.89665699,60.1164131,140.685516,20.5389729,47.4097519,106.769127
1784708239195,10.6127844,59.979187,140.935776,20.5173588,47.276741,106.817261
1784708239239,11.5621977,59.3970413,141.046204,20.6852226,47.4843521,106.908768
1784708239290,12.9031706,58.6180229,142.760529,20.4422455,47.0852356,106.863403
1784708239334,13.948247,57.9636497,142.194931,20.4715862,46.6006927,106.849411
1784708239378,15.6050367,57.8506165,142.262695,20.5022011,46.4102516,106.814171
1784708239422,16.6325111,57.6240768,142.740356,22.0025291,45.8133698,107.248734
1784708239465,17.1148911,58.0254173,143.05986,22.0614376,45.2074966,107.00631
1784708239508,17.2705669,58.4883041,143.178223,22.2384872,45.4268417,107.050552
1784708239552,17.3068733,58.6839409,143.142975,22.1879044,45.5719299,106.937065
1784708239596,17.1197853,58.7555122,142.99968,22.2305317,45.7324677,106.781281
1784708239639,16.8389606,59.2435036,142.663467,22.2912865,45.3457756,106.318588
1784708239682,16.7101765,59.7504425,142.374786,22.1365623,45.5124054,106.02494
1784708239726,16.6779823,60.4108124,142.137085,22.0021744,45.6256371,105.788788
1784708239769,16.6164932,60.8201447,142.022949,21.9171066,45.917984,105.758095
1784708239813,16.5894508,60.9134445,141.75,21.83955,46.1497765,105.792931
1784708239857,16.5898476,60.9182396,141.621872,21.84202,46.2433167,105.874031
1784708239900,16.5330868,60.8029327,141.553314,21.9871769,46.3069878,105.943329
1784708239943,16.4154148,60.77314,141.615463,22.018055,46.2865944,105.944855
1784708239987,16.2063141,60.8164558,141.730347,22.0958557,46.3175888,106.010735
1784708240031,16.0109711,60.8270073,142.051239,22.0359001,46.2342148,106.02462
1784708240074,15.9095984,60.8856621,142.406937,21.991087,46.2398186,105.971756
1784708240117,15.9056444,60.5098572,142.719437,21.8994198,46.3914261,105.946609
1784708240161,15.9627647,60.2221642,143.154404,21.8288326,46.2440376,105.873055
1784708240204,16.0264091,60.0787125,143.532028,21.9934616,46.1911354,105.887192
1784708240248,16.0582371,60.0604744,144.099243,22.1429367,46.0119057,105.9151
1784708240291,15.9346342,60.3109856,144.714737,22.2362251,45.8631058,105.959808
1784708240335,15.7448158,60.4477196,145.31337,22.1331329,45.9018898,105.926544
1784708240378,15.8735762,60.0704193,145.549011,20.8134556,46.7751083,105.978218
1784708240422,16.3911877,60.8533096,147.639191,21.5364952,45.8864288,105.725143
1784708240466,16.6396713,60.6883316,147.423615,21.5107651,46.0572815,105.959129
1784708240509,16.8122749,60.9643402,148.097672,21.7375717,45.8975449,106.064476
1784708240553,16.7861977,61.3739624,148.847534,21.7526951,45.7706451,106.133568
1784708240596,16.6252346,61.4898758,148.986816,21.1498909,46.1627426,106.195152
1784708240639,16.6243763,62.3270988,149.581589,22.0391979,45.4165573,106.066994
1784708240682,16.8827209,62.5454788,149.864227,21.8845062,45.4596481,106.004768
1784708240726,17.1673832,62.618824,149.940552,21.8757458,45.4849663,105.999855
1784708240769,17.3455544,62.85989,149.819702,21.8952389,45.4129028,105.982491
1784708240812,17.5544834,63.0814781,149.683685,21.8786182,45.5792847,105.980606
1784708240856,17.7976341,63.045845,149.426208,21.876173,45.6838913,105.960793
1784708240899,18.0290565,62.8506927,149.130951,21.9416714,45.797863,106.019684
1784708240943,18.3438053,62.6637993,149.016754,21.8886395,45.6277122,105.983017
1784708240986,18.5737,62.7243462,148.585876,21.929657,45.5339088,105.914543
1784708241029,18.8004341,62.957386,148.214996,21.8661137,45.6022682,105.820503
1784708241073,19.0843143,62.9964752,147.810303,21.8971119,45.7570877,105.934563
1784708241116,19.2085533,63.0886421,147.641724,22.2075691,45.5163765,106.133507
1784708241160,19.1444111,63.2153664,147.3311,22.4744129,45.6503258,106.249428
1784708241204,18.9634705,63.1875648,147.208786,22.520052,45.5405159,106.181313
1784708241247,18.7905083,63.6162529,147.034927,22.3663254,45.4277191,106.021538
1784708241291,18.6022606,64.026535,146.765686,22.3497925,45.4685211,106.01915
1784708241334,18.4082489,64.6614151,146.517517,22.2820816,45.5066147,105.895569
1784708241377,18.1877995,64.9418106,146.057098,22.3405094,45.8337173,105.919403
1784708241420,18.1419544,64.9735336,145.714767,22.2276936,46.0245705,105.811821
1784708241463,18.1895237,64.9524994,145.284424,22.1051044,46.050251,105.704926
1784708241506,18.2845821,64.9456711,144.949677,22.0834408,46.0796089,105.642982
1784708241548,18.3312397,64.8459549,144.388184,22.0123043,46.1755295,105.539734
1784708241591,18.4289722,64.72966,143.709625,22.0060101,46.3805695,105.515816
1784708241642,18.7100964,64.5900345,143.002213,21.7868309,46.5331573,105.372055
1784708241685,19.0176754,64.1801987,142.511856,21.9943428,46.7707405,105.500412
1784708241728,19.3383083,63.7390289,142.24823,21.9122944,46.585228,105.485336
1784708241771,19.4574966,63.5870247,141.838867,22.1150894,46.434433,105.570137
1784708241814,19.5134621,63.4577293,141.515518,22.1838703,46.4162483,105.597359
1784708241857,19.4277058,63.3892708,141.119553,22.1743298,46.4057961,105.555679
1784708241900,19.3613148,63.380352,140.693558,22.0457172,46.4294701,105.489525
1784708241943,19.326046,63.2511482,140.169907,22.1990376,46.5890007,105.630638
1784708241985,19.1868267,63.2325783,139.826523,22.2839088,46.4900436,105.711121
1784708242028,19.1071072,63.148819,139.316269,22.2561951,46.6139832,105.712975
1784708242071,19.1883488,63.1544228,138.970184,22.2845821,46.5251579,105.710556
1784708242114,19.2671509,63.3679962,138.69072,22.4158821,46.4448547,105.777313
1784708242157,19.2133904,63.5178566,138.467346,22.7159081,46.4859009,105.957695
1784708242200,19.1384907,63.8340454,138.407486,22.8011436,46.4358482,105.99398
1784708242243,18.9669571,63.4086189,136.438171,21.7617645,46.9532433,105.791557
1784708242286,18.9095993,63.3338013,135.93013,21.6792507,46.9345398,105.712425
1784708242330,18.991293,63.1487617,135.059113,21.4496956,47.1633606,105.597397
1784708242373,19.085228,62.869381,134.208527,21.4290657,47.2600327,105.607956
1784708242417,19.0313721,62.6762848,133.257736,21.5996876,47.282074,105.717468
1784708242460,18.8276291,62.2842979,132.205048,21.7192612,47.5707855,105.783737
1784708242503,18.308569,61.6685753,131.045303,21.8952808,47.7426949,105.808632
1784708242547,17.7314434,61.0289078,129.963455,21.851963,47.9082947,105.794075
1784708242590,17.0794678,60.1948814,128.680374,21.746851,48.2610092,105.962227
1784708242633,16.3327465,59.4459839,127.761314,22.0511436,48.3199081,106.286087
1784708242677,15.4971247,59.1254807,128.355927,23.3488693,48.0522003,106.890678
1784708242720,14.8373461,58.4252319,127.679367,23.2393131,48.1331253,107.010498
1784708242762,14.1991615,57.9870262,127.457764,23.5295734,47.9181175,107.248276
1784708242805,13.6080284,57.8652229,127.318214,23.592617,47.7614784,107.339043
1784708242848,13.0680113,57.6671753,127.175331,23.7476215,47.7350273,107.532379
1784708242891,12.6359215,57.3965874,127.024529,23.8308163,47.6608238,107.705475
1784708242934,12.1008263,56.9721718,126.516602,24.0227833,47.6432648,107.852852
1784708242977,11.6990404,56.3089104,125.688026,23.8623981,47.9040794,107.740036
1784708243020,11.5586853,55.2139626,124.599258,23.5768185,48.1624374,107.531593
1784708243063,11.7342768,53.866478,123.150131,23.3111458,48.4311981,107.372437
1784708243106,12.0812206,52.1388969,121.46273,23.2282295,48.7290535,107.417183
1784708243150,12.4582767,50.23106,119.68988,23.2592812,48.9611511,107.506378
1784708243193,13.0022907,48.4871407,119.110344,23.0280743,48.9692268,107.327599
1784708243237,13.1921501,46.5924072,116.550034,23.0225296,49.1611862,107.265457
1784708243280,13.5042305,44.977726,114.891159,23.0382614,49.254364,107.186699
1784708243323,13.8946638,43.4755898,113.545494,23.0443573,49.3553276,107.150513
1784708243367,14.3330593,42.0325851,112.47805,23.0947437,49.4135971,107.133553
1784708243410,14.7442522,40.6986084,111.735878,23.202858,49.2544975,107.165916
1784708243454,14.9701376,39.6061478,111.160461,23.4095802,49.042347,107.281487
1784708243497,14.9453955,38.6227417,110.731331,23.6280556,48.8696823,107.456093
1784708243541,14.7861643,37.7887993,110.338455,23.7702827,48.7472992,107.524727
1784708243584,14.6044712,37.0291939,109.913124,23.813385,48.6840172,107.478531
1784708243628,14.4875803,36.274044,109.402466,23.7946777,48.6811371,107.416534
1784708243672,14.4188175,35.5002327,108.875343,23.9197483,48.6308784,107.46357
1784708243716,14.3342953,34.7681923,108.305679,24.1070251,48.6236954,107.566505
1784708243760,14.1935263,33.9907761,107.733963,24.2068787,48.6272621,107.646744
1784708243804,14.0866833,33.2214241,107.10881,24.1458073,48.6301727,107.651192
1784708243847,13.9996166,32.2942848,106.334503,24.1686382,48.6649551,107.770996
1784708243890,13.8580456,31.4123726,105.568542,24.2527027,48.633625,107.859917
1784708243934,13.6719103,30.5842381,104.773415,24.2820053,48.6536064,107.871918
1784708243977,13.4695778,29.7439957,103.905731,24.3569965,48.7542686,107.910095
1784708244020,13.2300673,28.9091129,103.180466,24.3860188,48.7412605,107.914162
1784708244063,12.8790283,28.1519375,102.484161,24.4646893,48.7398567,107.921219
1784708244107,12.508563,27.5594845,101.885956,24.3290462,48.6741676,107.788956
1784708244150,12.238225,27.0887241,101.203735,24.1274147,48.7560806,107.648827
1784708244193,12.1475124,26.5279884,100.57515,24.018549,48.850666,107.633804
1784708244237,12.1949883,25.8943424,100.019341,23.9809971,48.8621368,107.610397
1784708244280,12.3616934,25.3515186,99.4510727,23.8419189,48.8353806,107.452393
1784708244324,12.6340837,24.8582268,98.8155289,23.8025494,48.838665,107.384544
1784708244367,12.8829222,24.4530258,98.2159271,23.8135033,48.8086319,107.331856
1784708244411,13.0743113,24.2266979,97.6574478,23.7900658,48.8219032,107.251511
1784708244454,13.076004,23.8165131,97.1213074,23.8186111,48.9481316,107.263969
1784708244498,13.0501041,23.5465069,96.6631317,23.6243286,48.9369507,107.110748
1784708244541,13.0697622,23.2594261,96.2522812,23.4050903,49.002758,106.86338
1784708244585,13.151412,23.1663475,95.8477936,23.1756401,48.9818459,106.607872
1784708244628,13.340394,22.913908,95.3110733,22.9779625,49.2669067,106.456215
1784708244672,13.6567383,22.4672279,94.8430557,22.9304752,49.2805099,106.392014
1784708244715,13.894701,22.0466824,94.440155,22.9964218,49.2825813,106.425285
1784708244759,13.9542599,21.6165237,94.0611801,23.0889721,49.244545,106.446136
1784708244803,13.8783369,21.3345413,93.6964798,23.0738697,49.2247429,106.456322
1784708244846,13.7041492,21.0002403,93.3496933,23.1061344,49.3305626,106.529999
1784708244890,13.5214567,20.592329,93.0454483,23.095356,49.3629799,106.56118
1784708244934,13.3738279,20.2965336,92.7751312,22.9980011,49.3177452,106.496986
1784708244979,13.2742701,20.1426868,92.5454483,22.9850159,49.2938805,106.50206
1784708245027,13.1828861,20.0373249,92.3454056,23.0198708,49.3571701,106.566368
1784708245071,13.1544743,19.7712746,92.1535568,22.9785213,49.508297,106.546379
1784708245115,13.2222595,19.2276611,91.0108566,22.6330967,49.9294319,106.447891
1784708245159,13.5175505,19.0071583,91.94841,22.939024,49.4787102,106.526665
1784708245204,13.7844982,18.8683338,92.037735,22.8954601,49.3538284,106.500076
1784708245248,14.1370764,18.9266586,92.1476974,22.7476749,49.3554726,106.368637
1784708245292,14.5459213,18.9173813,91.3998489,22.3247395,49.7316437,106.132156
1784708245336,15.2625847,19.2209053,92.5847931,22.3823128,49.3552895,105.924431
1784708245379,16.0284328,19.2960262,92.731369,22.2561932,49.3984795,105.750069
1784708245423,16.8209133,19.2222023,91.9861298,21.8501205,49.7364197,105.491661
1784708245469,17.7863884,19.4414597,93.1584854,22.059412,49.311367,105.407562
1784708245512,18.5360508,19.4601135,93.3369751,22.0310078,49.2612915,105.369827
1784708245556,19.1291389,19.433876,93.4441833,21.9670296,49.2771111,105.335426
1784708245600,19.7376785,19.2322674,93.4498978,21.7871342,49.3947334,105.18158
1784708245643,20.4710751,18.9620628,93.388031,21.6232891,49.4479446,105.020142
1784708245687,21.2786961,18.7725468,93.3911743,21.6002674,49.4325142,104.934593
1784708245732,22.0381985,18.7375069,93.3906403,21.6741066,49.4383202,104.933205
1784708245776,22.7497654,18.7650318,93.6236115,21.7807007,49.3828011,104.948944
1784708245819,23.376503,18.8894749,93.9480896,21.8611393,49.2870712,104.978889
1784708245863,23.9822388,19.1024685,94.36586,21.839592,49.1284828,104.946861
1784708245906,24.5641193,19.5377808,94.7893448,21.8539333,49.0609703,104.903793
1784708245950,25.2203121,19.9318886,95.3012161,21.8947582,49.0850296,104.863441
1784708245993,25.9681778,20.2751102,95.9160309,21.9330387,49.0786209,104.820419
1784708246037,26.5380135,20.3746662,95.3932953,21.7060165,49.4299278,104.799873
1784708246081,27.6853867,20.9992447,97.0635071,21.9221401,48.9394646,104.727051
1784708246124,28.6795864,21.3758793,97.6605682,22.0800838,48.9245529,104.824417
1784708246168,29.663662,21.7149086,98.3124161,22.1473732,48.8565865,104.786781
1784708246211,30.7155895,22.1654491,99.0192184,22.1213379,48.7447701,104.657906
1784708246255,31.8778458,22.9355507,99.8290329,22.0171528,48.5826912,104.472504
1784708246298,33.0792923,23.8405285,100.696556,21.9799137,48.5651398,104.331413
1784708246341,34.3117676,24.7323132,101.702423,21.9165497,48.5369072,104.117859
1784708246385,35.5670204,25.4679432,102.631165,21.758009,48.5422287,103.890282
1784708246428,36.8775864,26.1380138,103.664024,21.6616478,48.3825989,103.697189
1784708246471,38.1166687,26.8466473,104.545891,21.5534458,48.2784424,103.502464
1784708246515,39.3434677,27.4372025,105.306984,21.4036312,48.2340088,103.310112
1784708246558,40.566803,27.8198967,105.789856,21.2389641,48.3376465,103.053596
1784708246602,41.9061508,27.8528309,105.957611,21.0223103,48.5390434,102.740387
1784708246645,43.3605461,27.7338791,105.925163,20.8888283,48.6057053,102.527924
1784708246688,44.7814026,27.5253277,105.687126,20.9147358,48.6803856,102.503342
1784708246732,46.0303993,27.3148956,105.390541,21.1015606,48.6537323,102.651978
1784708246775,46.8397598,27.097559,105.23616,21.4771519,48.5976486,102.952309
1784708246819,47.1827164,26.8475018,105.1408,21.7876282,48.5674133,103.15873
1784708246862,47.1531982,26.7877789,105.234268,21.9247303,48.447773,103.19239
1784708246906,46.8857841,27.0590401,105.446365,21.9664268,48.3164291,103.190308
1784708246950,46.420784,27.6118565,105.919609,22.1168022,48.1582718,103.28331
1784708246993,45.7744637,28.4486313,106.541046,22.2494602,48.0063553,103.382263
1784708247036,45.0182037,29.374794,107.323326,22.426548,47.8946419,103.608627
1784708247080,44.1449738,30.3428268,108.221642,22.6443691,47.794075,103.813736
1784708247123,43.2282944,31.3017921,109.442413,22.8581791,47.6694717,103.993401
1784708247166,42.2870903,32.5223732,111.26725,23.2114048,47.2446823,104.23307
1784708247210,41.3150864,33.9634361,113.328178,23.1593208,46.8138275,104.259888
1784708247255,40.0270767,35.3457451,114.335464,23.0882435,47.0104103,104.286545
1784708247299,39.1756592,37.211647,116.285484,23.1164207,46.7947655,104.521927
1784708247343,38.5248871,39.3544121,118.450478,23.0957108,46.6173553,104.563744
1784708247388,38.0865517,41.3912773,120.539055,22.9790211,46.5421677,104.389343
1784708247431,37.8964767,42.9990463,122.367676,22.7753143,46.6130066,104.283073
1784708247474,37.8694458,44.2013474,124.023674,22.6899452,46.6558266,104.29805
1784708247517,37.9645615,45.2439728,125.536636,22.4992085,46.5457382,104.202522
1784708247561,38.100956,46.1154633,126.664612,22.3840504,46.550621,104.228355
1784708247604,38.2438354,46.7504044,127.611824,22.4516659,46.6040649,104.406487
1784708247647,38.2682076,47.3135948,128.584915,22.5071907,46.5677032,104.431679
1784708247691,38.1593704,47.6881599,129.340424,22.3749466,46.6475029,104.3004
1784708247734,38.0635529,48.0282135,130.080078,22.2029591,46.6613426,104.143311
1784708247778,37.8838654,48.3700523,130.811234,22.1349926,46.6244698,104.117004
1784708247821,37.6215248,48.655117,131.641251,22.1498756,46.6217308,104.132118
1784708247864,37.1927452,48.8401375,132.4207,22.1837139,46.6139069,104.16053
1784708247908,36.7214241,49.0057564,133.19812,22.0619698,46.5818443,104.090378
1784708247951,36.352478,49.3364639,134.077515,21.9470768,46.4309578,104.076279
1784708247994,35.9710846,49.6559753,134.895493,22.0489788,46.3751564,104.236649
1784708248037,35.5166283,49.847599,135.704865,22.1924534,46.3867874,104.416626
1784708248080,34.9763565,49.942028,136.621353,22.3332863,46.3331528,104.547958
1784708248125,34.4496689,50.1495056,137.77507,22.2906628,46.1481628,104.528625
1784708248168,33.8725433,50.4931335,138.952881,22.2539997,45.8660278,104.467583
1784708248212,33.3808365,51.1128082,139.884048,21.9751072,45.7230339,104.189995
1784708248255,33.1810608,51.7711906,140.582001,21.6661453,45.7654915,103.978645
1784708248298,33.195137,52.3340034,141.23111,21.697649,45.7968712,104.06707
1784708248342,33.1942635,52.8210716,141.978973,21.7894363,45.7222824,104.143196
1784708248385,33.1310654,53.2873001,142.60762,21.8022499,45.6678467,104.109734
1784708248428,33.0500488,53.8058472,143.191971,21.65168,45.526329,104.048538
1784708248471,32.9313774,54.4467697,143.690231,21.581625,45.4842453,104.003181
1784708248517,32.6829681,55.0003319,144.18187,21.6300945,45.461628,103.960548
1784708248561,32.2632866,55.5631523,144.477692,21.4370728,45.4320755,103.809402
1784708248604,31.7868061,56.1849022,144.609055,21.3237019,45.4775467,103.72599
1784708248648,31.4154644,56.7515411,144.641418,21.1045418,45.6145401,103.625282
1784708248691,31.059866,56.902317,144.360031,21.1142273,45.9383888,103.652046
1784708248735,30.7207031,56.730545,144.089554,21.1635685,46.0917778,103.716606
1784708248778,30.3748779,56.6381607,143.854294,21.1763802,46.0142975,103.759003
1784708248821,29.87257,56.6998978,143.527573,21.2886524,45.9616051,103.870743
1784708248864,29.2706718,56.9640274,143.357086,21.3172188,45.9693222,103.931152
1784708248907,28.6704769,57.187336,143.162903,21.3431759,46.0714378,103.971916
1784708248949,28.1259708,57.3576584,143.148911,21.305666,46.0872803,103.99485
1784708248993,27.5994701,57.6901245,143.326233,21.3128109,46.0001068,103.958153
1784708249036,27.1461601,58.0743523,143.41217,21.1498146,46.026825,103.89386
1784708249082,26.7917118,58.3907433,143.402573,21.1189423,46.2008476,104.019867
1784708249125,26.4784355,58.6183739,143.46405,21.2137413,46.3176155,104.172852
1784708249168,26.1842155,58.6094437,143.396362,21.21134,46.4475594,104.230667
1784708249212,26.0204544,58.6258507,143.354446,21.1341515,46.4353371,104.208466
1784708249255,25.9115696,58.6142273,143.27301,21.1897011,46.4686775,104.27626
1784708249298,25.8278255,58.5942154,143.23381,21.1903629,46.5249786,104.250526
1784708249341,25.8921432,58.530098,143.272659,21.0952492,46.5739326,104.09684
1784708249385,26.2051525,58.6057739,143.333588,20.8532028,46.5591049,103.884499
1784708249428,26.7929096,58.6410446,143.321823,20.7083912,46.7521095,103.887733
1784708249471,27.7985821,59.2861328,144.759155,20.7491436,46.2265892,103.649788
1784708249515,28.6448326,59.6007462,145.235504,20.8496876,46.2703934,103.662781
1784708249558,29.5788136,60.0299454,145.953781,20.7071037,46.2449722,103.576805
1784708249602,30.5673676,60.495739,146.766968,20.7140656,46.2787247,103.591042
1784708249645,31.4505596,60.4485168,146.593552,20.5880585,46.7254372,103.731201
1784708249688,32.7469521,60.7825356,147.594437,20.46661,46.6395912,103.540901
1784708249731,34.2011147,61.1991501,148.609146,20.4090919,46.4902,103.31472
1784708249774,35.8737602,61.6922264,149.540939,20.204319,46.4974251,103.073044
1784708249817,37.5517693,61.6061592,149.340622,19.6661148,47.1589813,103.118828
1784708249861,40.2120628,62.7944641,151.21553,20.1128387,46.097908,102.437164
1784708249904,42.854248,63.0595932,152.944809,20.1627293,46.0865555,102.412498
1784708249948,44.7998924,62.8502769,152.717072,20.2440472,46.375843,102.582062
1784708249991,46.7392082,62.8948441,153.591461,20.3210907,46.1201019,102.378036
1784708250034,48.4174194,62.807991,154.187332,20.2102547,45.9862022,102.057159
1784708250078,50.1929932,62.5357475,154.57399,20.0374794,45.9967079,101.740158
1784708250121,52.1475983,62.1781082,154.782806,20.0093212,46.0514793,101.584785
1784708250164,54.2229347,61.8970795,155.275482,20.1249142,45.9663773,101.553207
1784708250207,56.0683098,61.5621262,155.696655,20.4382153,45.9015541,101.720406
1784708250250,57.7967148,61.402607,156.424149,20.5530605,45.6787567,101.780846
1784708250293,59.2927055,61.2352448,157.126129,20.7863083,45.5837135,101.892982
1784708250336,60.6537628,61.0754471,158.014618,20.9720612,45.425705,101.885567
1784708250379,61.8790092,60.8984985,158.872482,21.0135956,45.3007393,101.760818
1784708250422,63.091568,60.76717,159.593338,21.0479107,45.2194252,101.710396
1784708250469,64.4394226,60.5492592,160.139404,21.0510349,45.2284775,101.798859
1784708250512,65.8903275,60.2024879,160.718658,21.3602524,45.2395935,101.971695
1784708250555,67.3810043,59.685482,161.474854,21.4764614,45.0946426,101.966545
1784708250598,68.752594,59.3360596,161.998444,21.3871613,44.911644,101.850388
1784708250642,70.098587,59.2541237,162.405823,21.3535213,44.7903061,101.778435
1784708250685,71.468338,59.3914604,162.811066,21.4736042,44.7645264,101.733467
1784708250728,72.7432251,59.2718697,163.186401,21.6557026,44.8260536,101.760132
1784708250771,73.8863602,58.8678513,163.472427,21.7727318,44.8895149,101.769333
1784708250814,74.9439163,58.4059372,163.576355,21.7893257,44.8794441,101.71328
1784708250857,76.0640335,58.0804176,163.781342,21.7474327,44.8179932,101.581573
1784708250900,77.2561035,57.9134064,163.776291,21.5183887,44.8044739,101.332146
1784708250944,78.4941101,57.570446,163.348709,21.4482079,44.9977188,101.308472
1784708250987,79.8928986,57.2220078,162.965744,21.289547,45.0947456,101.146744
1784708251030,81.271965,56.6443977,162.353714,21.32304,45.2749329,101.100548
1784708251073,82.7230072,56.181263,161.701569,21.2960415,45.3201256,100.995705
1784708251116,83.9780807,55.8227196,160.990051,21.3545628,45.4480171,101.040993
1784708251159,85.0460052,55.529068,160.208267,21.3695927,45.5556488,101.036674
1784708251206,86.0287399,55.2241898,159.558273,21.4624233,45.7527161,101.060509
1784708251249,86.907547,54.8682289,158.844086,21.5598927,45.9520912,101.075668
1784708251297,87.8583908,54.5634804,158.298996,21.636776,46.1122856,101.085907
1784708251341,88.7755508,54.2590103,157.788681,21.8336506,46.2561111,101.19371
1784708251383,89.6699371,54.0570679,157.396927,22.0536175,46.3312492,101.319046
1784708251427,90.5079041,53.8948288,157.083496,22.3187771,46.4685593,101.525162
1784708251470,91.3237381,53.699295,157.036972,22.4920883,46.5166206,101.639153
1784708251513,92.1429596,53.4751129,156.991165,22.5422344,46.6415558,101.693802
1784708251556,92.9926605,53.2112617,157.052475,22.7386189,46.6771812,101.774857
1784708251599,93.7601166,53.006218,157.024521,22.7532902,46.7077675,101.75341
1784708251642,94.4603653,52.7274933,156.687912,22.8722477,46.8741455,101.847969
1784708251684,95.1359253,52.2763786,156.106644,22.9263039,47.0839157,102.006683
1784708251727,95.5878906,51.5967751,155.130417,23.1427174,47.445652,102.182976
1784708251770,95.7571945,50.6486549,153.855118,23.6064014,47.8400993,102.731155
1784708251813,96.1242447,49.925396,152.899475,23.7977161,48.0966835,102.841499
1784708251857,97.3033066,49.6435165,152.749802,22.1826611,48.0000114,101.504303
1784708251900,97.6996689,49.2028046,152.030853,22.0476837,48.2351036,101.418411
1784708251943,97.9783936,48.7304497,151.368057,22.063221,48.4188576,101.476425
1784708251987,98.2199097,48.324604,151.031998,22.2045021,48.5908432,101.577805
1784708252030,100.223495,48.8180008,154.740662,23.1942329,47.514595,101.497322
1784708252073,100.596497,48.5287628,154.695618,23.126421,47.5513229,101.401962
1784708252117,101.141808,48.3697357,154.939758,23.3300457,47.5607376,101.468384
1784708252161,101.595734,48.2803459,155.349396,23.5114994,47.4962006,101.538452
1784708252205,102.020798,48.146328,155.961731,23.6545181,47.44907,101.610115
1784708252248,102.366829,48.028019,156.550949,23.7319355,47.366375,101.625214
1784708252291,102.800705,47.9169121,157.156082,23.6971226,47.3134422,101.53849
1784708252334,103.17289,47.7144241,157.26123,23.7080765,47.4065361,101.519318
1784708252378,103.680519,47.4565201,157.412155,23.8327408,47.4707451,101.559143
1784708252421,104.123207,47.1195488,157.37468,23.9031849,47.5593109,101.612289
1784708252465,104.581985,46.6669083,157.243454,23.9906864,47.6632576,101.66819
1784708252509,105.018616,46.2929878,157.036819,24.0375156,47.7386055,101.708992
1784708252552,105.492111,45.9109154,156.726807,24.1335659,47.8886986,101.755882
1784708252595,106.094803,45.4245377,156.421539,24.2791309,48.1053276,101.798058
1784708252638,105.815208,44.5547295,154.66745,24.8922577,48.6156616,102.56884
1784708252682,106.349442,44.2623215,153.944473,24.9389591,48.7261238,102.61483
1784708252727,106.629356,44.0504379,152.709717,25.1560917,49.1585464,102.96891
1784708252771,107.311348,43.8629417,152.144669,25.3474712,49.3375282,103.141586
1784708252815,107.479309,43.2795143,151.044022,25.6625652,49.7566338,103.529449
1784708252859,107.804298,42.7226982,150.102203,25.7007141,49.997982,103.599342
1784708252904,107.870087,42.1463928,148.811691,26.0116577,50.3142014,103.882393
1784708252949,107.870087,42.1463928,148.811691,26.0116577,50.3142014,103.882393
1784708252998,107.870087,42.1463928,148.811691,26.0116577,50.3142014,103.882393
1784708253047,107.870087,42.1463928,148.811691,26.0116577,50.3142014,103.882393
1784708253096,107.870087,42.1463928,148.811691,26.0116577,50.3142014,103.882393
1784708253145,107.870087,42.1463928,148.811691,26.0116577,50.3142014,103.882393
1784708253194,107.870087,42.1463928,148.811691,26.0116577,50.3142014,103.882393
1784708253242,107.870087,42.1463928,148.811691,26.0116577,50.3142014,103.882393
1784708253291,107.870087,42.1463928,148.811691,26.0116577,50.3142014,103.882393
1784708253341,107.870087,42.1463928,148.811691,26.0116577,50.3142014,103.882393
1784708253390,107.870087,42.1463928,148.811691,26.0116577,50.3142014,103.882393
1784708253440,107.870087,42.1463928,148.811691,26.0116577,50.3142014,103.882393
1784708253489,107.870087,42.1463928,148.811691,26.0116577,50.3142014,103.882393
1784708253539,107.870087,42.1463928,148.811691,26.0116577,50.3142014,103.882393
1784708253589,107.870087,42.1463928,148.811691,26.0116577,50.3142014,103.882393
1784708253638,107.870087,42.1463928,148.811691,26.0116577,50.3142014,103.882393
1784708253688,107.870087,42.1463928,148.811691,26.0116577,50.3142014,103.882393
1784708253737,109.159943,40.8522797,148.934174,27.9953365,50.3090096,105.52829
1784708253787,109.150024,41.0289574,149.137115,27.7001953,50.2778091,105.249374
1784708253832,109.090668,41.1931915,149.167984,27.4988289,50.3121071,105.111931
1784708253878,109.001335,41.2411118,149.180511,27.4213333,50.2906723,105.105492
1784708253927,108.985855,41.3026695,149.323151,27.2979927,50.2221718,105.004143
1784708253974,109.089935,41.4754105,149.937256,27.1165695,50.0189171,104.782059
1784708254019,109.162842,41.7522049,150.755981,26.7714481,49.8224869,104.426178
1784708254065,109.250015,42.0344734,151.858002,26.5447884,49.5769806,104.152542
1784708254110,109.356728,42.3937073,153.316711,26.1079693,49.1940041,103.629982
1784708254154,109.19619,42.758564,154.494431,25.6684361,48.8563156,103.225922
1784708254199,109.219711,43.3791046,156.022919,25.250246,48.3852844,102.709755
1784708254243,108.731628,43.9579315,156.87149,24.9604874,48.1189232,102.484451
1784708254287,109.031342,44.7921562,158.870163,24.2498379,47.5489159,101.678665
1784708254331,108.406357,45.1339073,159.790802,24.1712456,47.2901077,101.629646
1784708254375,107.655556,45.4519463,160.749191,24.0016842,46.9213257,101.429474
1784708254419,105.211212,45.0731239,157.946594,22.6748905,47.7448807,101.146515
1784708254462,103.620728,45.3146172,158.260727,24.4506092,47.6558838,102.416435
1784708254506,103.013641,45.7986603,159.181305,24.2231312,47.3861694,102.180382
1784708254549,102.811066,46.5216942,160.769684,23.4767742,46.8439331,101.321342
1784708254592,102.053459,47.2317543,161.534134,23.1625862,46.5996628,101.033791
1784708254636,101.318245,47.7206993,161.803024,22.9305878,46.5852776,100.904671
1784708254678,100.809547,47.9510193,161.729538,22.5877571,46.623394,100.762321
1784708254722,100.340019,48.2105522,161.373535,22.4346714,46.5191383,100.652031
1784708254765,99.8832703,48.7903214,161.08284,22.3255825,46.4393272,100.647636
1784708254809,99.2984772,49.5118523,160.942184,22.2746353,46.4191208,100.715683
1784708254852,98.5331802,50.0604286,160.888855,22.2892265,46.4750977,100.735085
1784708254895,97.7627563,50.5100594,160.937286,22.1877384,46.4543686,100.601982
1784708254938,96.9860382,50.8398399,160.482178,21.8996353,46.5446777,100.400703
1784708254982,96.4701309,51.2872162,160.346176,21.8860531,46.5205803,100.316475
1784708255024,95.9381638,51.7628746,160.240204,21.8849697,46.4712486,100.39975
1784708255068,95.3317261,52.3206215,160.424316,21.9031773,46.3051262,100.585327
1784708255111,94.6876373,52.8152542,161.031357,22.0064526,46.1043282,100.764061
1784708255154,93.8950424,53.1839371,161.645248,21.8194427,45.9244041,100.633675
1784708255197,92.9396896,53.3542061,162.076874,21.6984978,45.8240089,100.521446
1784708255240,91.8662033,53.6207008,162.417358,21.5616856,45.7008286,100.428169
1784708255284,90.5657501,53.6898117,162.822113,21.6462364,45.7025566,100.539795
1784708255327,89.198204,53.7029572,163.38295,21.6344624,45.6063576,100.585167
1784708255370,87.8276749,53.7376366,163.984543,21.5842228,45.4561119,100.573242
1784708255413,86.5780106,53.948967,164.610977,21.5635853,45.2444954,100.601646
1784708255455,85.3460083,54.3421135,165.340607,21.7366314,45.0028381,100.805496
1784708255499,84.0622559,54.923584,166.370651,21.827858,44.7474174,100.926804
1784708255543,82.762619,55.7378731,167.576569,21.7690716,44.505825,100.867416
1784708255586,81.4323196,56.6001053,168.561295,21.6860714,44.3608398,100.809769
1784708255629,80.2687302,57.3185425,169.321075,21.5203934,44.4519119,100.837524
1784708255672,79.3759079,57.7569504,170.081711,21.4058723,44.4037094,100.863281
1784708255715,78.5733185,58.0784683,170.713791,21.3411274,44.3619347,100.952698
1784708255759,77.8122025,58.2932663,171.264282,21.3200989,44.2827377,100.96109
1784708255802,77.0562515,58.2568092,171.453583,21.2079449,44.3711243,100.977234
1784708255845,76.4285812,58.2290192,171.605072,20.9550095,44.2831078,100.821373
1784708255888,75.8217163,58.1457634,171.498962,20.8121796,44.3710251,100.713333
1784708255931,75.2655106,57.9538689,171.20311,20.6291161,44.4907837,100.620064
1784708255975,74.7524567,57.5224991,170.851547,20.6450691,44.6411972,100.659363
1784708256018,74.2475357,57.1918335,170.554214,20.4578819,44.5811043,100.580254
1784708256061,73.7368469,56.8673973,170.23204,20.4516544,44.615406,100.558243
1784708256104,73.160408,56.6627426,169.940811,20.3082409,44.5677452,100.500092
1784708256149,72.5335846,56.6021614,169.758636,20.2395344,44.5649834,100.471619
1784708256191,71.9729691,56.7143631,169.736008,20.0226421,44.4676666,100.332542
1784708256234,71.4337769,56.8619576,169.744736,19.9327526,44.4783936,100.283638
1784708256278,70.8304977,57.039711,169.678955,19.8332462,44.4472275,100.197311
1784708256321,70.247612,57.297699,169.644058,19.6851959,44.4055595,100.158134
1784708256365,69.6634064,57.5854034,169.592438,19.6199665,44.3377457,100.193123
1784708256407,68.9689865,57.69627,169.524536,19.7164955,44.3770065,100.380165
1784708256450,68.0796585,57.8420868,169.463257,19.7004261,44.2204514,100.426552
1784708256493,66.9465408,58.0623055,169.203583,19.7793159,44.2655754,100.536079
1784708256536,65.6792068,58.208477,169.126892,19.8828144,44.3214111,100.709732
1784708256579,64.2458115,58.1454887,168.82782,19.8367023,44.4152451,100.746841
1784708256621,62.9905052,58.0376434,168.514145,19.6669102,44.4874535,100.732986
1784708256664,61.8535233,57.9806671,168.13031,19.5967846,44.4528427,100.842926
1784708256707,60.6947174,58.0054741,167.890381,19.8320503,44.4388313,101.121071
1784708256750,59.357502,58.0300636,167.633194,19.8685856,44.4096298,101.282181
1784708256793,57.8738251,57.9921951,167.512634,20.0405464,44.4855957,101.454773
1784708256836,56.3798752,57.975708,167.553635,19.9194641,44.3754501,101.397507
1784708256879,54.7264061,57.8831902,167.130264,19.9803619,44.5422211,101.550713
1784708256921,53.2172852,57.8340874,166.909683,20.0353298,44.5853004,101.732674
1784708256964,51.7483101,57.7695389,166.760559,20.1524715,44.6073837,101.987411
1784708257007,50.4054871,57.7735176,166.954391,20.201582,44.5153275,102.122154
1784708257050,49.0540276,57.7457695,167.081543,20.2490501,44.4930344,102.258858
1784708257093,47.6895485,57.7820435,167.155426,20.2177696,44.4598427,102.333969
1784708257136,46.4367371,57.9764786,167.385147,20.1272449,44.3662949,102.372398
1784708257179,45.2059555,58.2502289,167.709274,20.1827927,44.2765732,102.513397
1784708257222,43.8919945,58.4499092,167.948059,20.241539,44.2497902,102.695526
1784708257265,42.4988174,58.4776306,167.971375,20.2113438,44.3050499,102.780006
1784708257308,41.2467117,58.4214668,167.86821,20.0053043,44.3930779,102.745041
1784708257351,40.3181839,58.4630814,167.802719,19.917326,44.3629875,102.651161
1784708257394,39.6070671,58.4458008,167.641968,19.8073349,44.4339752,102.667213
1784708257437,38.8904419,58.3803406,167.25769,19.8144741,44.4686699,102.734352
1784708257480,38.2302704,58.4198914,167.131866,19.7996273,44.4402237,102.813766
1784708257523,37.5301857,58.5724525,167.142319,19.7879848,44.2856941,102.764709
1784708257567,36.7405663,58.6654472,166.752808,19.6557846,44.3875389,102.699158
1784708257610,36.1482315,58.7191505,166.464218,19.415823,44.4749374,102.5606
1784708257653,35.7180214,58.7193794,165.994278,19.310463,44.5736313,102.498695
1784708257696,35.4017105,58.770752,165.697464,19.1913109,44.4800224,102.44352
1784708257739,35.0498238,58.9355316,165.260147,19.0345173,44.5188828,102.409317
1784708257782,34.6651001,59.0694427,164.99025,19.0525761,44.5036583,102.366722
1784708257825,34.1985741,59.1723289,164.605423,19.0564137,44.5490646,102.37352
1784708257868,33.5865288,59.2942047,164.30452,19.0818424,44.497982,102.374321
1784708257911,32.8742332,59.5334015,163.991928,19.0476589,44.5025826,102.370407
1784708257954,32.1759872,59.7885437,163.631531,19.039814,44.4698944,102.414803
1784708257997,31.4584732,60.0669594,163.364899,19.1327534,44.5434723,102.551521
1784708258040,30.5551968,60.1323357,163.035934,19.3136024,44.6437111,102.751297
1784708258083,29.530201,60.3526688,163.086227,19.4324684,44.5365372,102.847565
1784708258127,28.3377419,60.7228241,163.255142,19.56987,44.3453102,102.950882
1784708258170,27.0551205,61.0521202,163.230835,19.588541,44.3932762,103.118423
1784708258213,25.9024315,61.4215698,163.235001,19.4901295,44.4069824,103.243385
1784708258256,24.9327583,61.5913696,163.160767,19.6344776,44.5479507,103.524506
1784708258299,24.0630283,61.6799507,163.168945,19.7704887,44.5212288,103.765396
1784708258342,23.1742897,61.8529091,163.256119,19.9352722,44.3943214,103.983246
1784708258385,22.2405014,62.1862679,163.338928,20.0005779,44.274929,104.080872
1784708258427,21.3298435,62.5513763,163.394913,20.133358,44.2994461,104.219978
1784708258470,20.2948055,62.8304443,163.391998,20.391428,44.3313141,104.482658
1784708258513,19.2171974,62.9018822,163.280609,20.5178623,44.4797134,104.70488
1784708258556,18.2592411,62.7353668,163.393906,20.6680775,44.5942268,104.947624
1784708258599,17.3355217,62.6421509,163.548218,20.7107811,44.4077721,105.072517
1784708258642,16.4765015,62.7131729,163.747238,20.7830143,44.3278999,105.235298
1784708258685,15.739851,63.0372963,163.987885,20.8475571,44.2169113,105.357506
1784708258728,15.0482578,63.3852882,164.216782,20.8894176,44.228241,105.499908
1784708258771,14.4635267,63.8539619,164.599854,20.8012466,44.1746635,105.499329
1784708258814,14.0445213,64.211998,164.966354,20.7807045,44.2552681,105.483978
1784708258858,13.832058,64.5308762,165.392639,20.6618614,44.1868248,105.399216
1784708258901,13.7591715,64.8129654,165.760406,20.627655,44.1122551,105.398384
1784708258944,13.7179518,65.0644073,165.968216,20.6892357,44.0325241,105.492111
1784708258987,13.5922289,65.1681976,165.918396,20.9201736,44.0888748,105.659912
1784708259030,13.4416513,65.2766953,165.98967,20.9609222,44.0173759,105.681511
1784708259073,13.3536901,65.2036133,165.72348,20.8646049,44.1865044,105.637657
1784708259115,13.4715948,65.0136261,165.462112,20.7284641,44.2551041,105.555946
1784708259159,13.6889658,64.9201813,165.304916,20.6872768,44.1974907,105.516891
1784708259201,13.9153051,64.845253,165.147125,20.7472229,44.1228828,105.532516
1784708259244,14.1848106,64.7452469,164.856247,20.6878242,44.1336784,105.5177
1784708259288,14.3452215,64.4940186,164.330261,20.8500862,44.2500801,105.593895
1784708259330,14.5160351,64.3084946,163.990555,20.6049118,44.2813301,105.504379
1784708259373,14.7974377,64.0701599,163.516724,20.5095158,44.3547859,105.383934
1784708259416,15.2784948,63.9622688,163.179108,20.3458748,44.2665634,105.272972
1784708259459,15.7231321,63.7740936,162.736679,20.5219021,44.2980766,105.400436
1784708259502,15.9686413,63.5344429,162.22023,20.7731152,44.3108597,105.648842
1784708259545,16.0572815,63.4105072,161.845978,20.9688187,44.2441101,105.840866
1784708259589,16.0635548,63.2747688,161.545242,21.044157,44.2597656,105.876472
1784708259632,16.1479988,63.1857948,161.090805,20.9444675,44.2521591,105.797348
1784708259675,16.3124542,63.211071,160.662521,21.0306015,44.256115,105.807495
1784708259717,16.5164776,63.2719421,160.159805,21.1795578,44.3493919,105.923668
1784708259760,16.7305012,63.2959976,159.810577,21.2472134,44.4258499,106.096794
1784708259804,16.932251,63.3117676,159.764099,21.4767799,44.3315125,106.201256
1784708259847,17.0756321,63.539669,159.706894,21.5240326,44.1291847,106.11525
1784708259890,17.2332058,64.1366119,159.583694,21.4266148,43.9893608,106.007492
1784708259933,17.3732643,64.8022766,159.480286,21.5228882,44.0580406,106.097488
1784708259975,17.4343357,65.2802734,159.377945,21.4752159,44.3180542,106.190857
1784708260018,17.4132462,65.4053192,159.2211,21.5037994,44.5784683,106.215157
1784708260062,17.3609447,65.4815445,159.002686,21.393364,44.6288643,106.217171
1784708260105,17.1668434,65.6165695,158.804291,21.4194031,44.7249527,106.359009
1784708260148,16.7284908,65.4323425,158.134293,20.9199486,45.1843071,106.568588
1784708260191,16.2002258,66.138382,158.290863,22.1244297,44.3867302,106.435425
1784708260234,15.6489658,66.1628036,158.110199,22.0385075,44.4842567,106.389717
1784708260278,14.9643021,66.1625595,157.912155,22.0805931,44.543396,106.362686
1784708260321,14.1654425,66.1837158,157.863632,22.1129456,44.5341721,106.365341
1784708260364,13.24263,66.2331619,157.801788,22.0574627,44.5513153,106.443237
1784708260407,12.2285624,66.4079437,157.917999,22.0451298,44.452507,106.50238
1784708260451,11.0680332,66.6550827,158.104614,22.114193,44.4006996,106.578186
1784708260494,9.7888813,66.8797607,158.343994,22.0363846,44.3809204,106.593903
1784708260537,8.45264721,67.1020432,158.598465,21.9150887,44.4293976,106.6185
1784708260580,7.07011604,67.2771835,158.889069,21.8113194,44.4104538,106.608009
1784708260624,5.69390249,67.2918015,158.906296,21.7301636,44.5652657,106.659882
1784708260667,4.30345774,67.3381805,159.182999,21.7845364,44.4871902,106.756714
1784708260711,2.86211538,67.3864136,159.242035,21.7230949,44.5115547,106.817825
1784708260754,1.45096362,67.4344635,159.466904,21.6488819,44.5019569,106.844215
1784708260797,-0.0588656403,67.5118027,159.616638,21.5760479,44.5053253,106.923683
1784708260840,-1.61906266,67.7431183,159.96991,21.4704494,44.3589478,106.924797
1784708260883,-3.14635849,67.9380035,159.996826,21.3251247,44.4350967,106.893631
1784708260927,-4.53425694,68.0247803,160.190887,21.1515923,44.5376167,106.899994
1784708260972,-5.91808748,68.0484238,160.412247,21.1747379,44.4848213,106.987396
1784708261016,-7.42882872,68.0888519,160.640869,21.218462,44.4322281,107.114861
1784708261059,-9.09926605,68.2131577,160.87851,21.3590202,44.2607117,107.235542
1784708261102,-10.7825432,68.5616837,161.280411,21.2726898,44.0906906,107.252762
1784708261145,-12.3920212,68.8797913,161.363403,21.0813923,44.0963783,107.21125
1784708261189,-13.828618,69.3183823,161.632797,20.9501171,44.068119,107.157875
1784708261232,-15.2222052,69.5762634,161.770416,20.8916264,44.0343819,107.192932
1784708261275,-16.5691071,69.6650009,161.7453,20.8725624,44.1228371,107.3172
1784708261319,-18.0403595,69.7484589,161.62941,20.9550667,43.990036,107.423286
1784708261362,-19.5858974,69.7908173,161.341354,20.9026012,44.1232834,107.476318
1784708261405,-21.1819229,70.0063248,161.277451,20.8379879,43.9695396,107.479172
1784708261449,-22.595089,70.0551987,160.879623,20.5615673,44.1523056,107.423714
1784708261492,-23.8144207,69.9962158,160.451935,20.4063778,44.2865639,107.423416
1784708261535,-24.9078789,70.0306931,160.307266,20.3157158,44.2227097,107.445457
1784708261579,-25.8771896,69.8853836,159.838089,20.292717,44.3403702,107.542587
1784708261622,-26.8474331,69.9929733,159.823975,20.3058701,44.2059364,107.568268
1784708261666,-27.8071232,70.0767746,159.761002,20.320919,44.2873611,107.612206
1784708261709,-28.7934418,70.0831757,159.704788,20.2512207,44.298233,107.631752
1784708261753,-29.7555237,70.1802139,159.876465,20.1063633,44.3854179,107.611526
1784708261796,-30.6979809,70.1569901,160.277374,20.0579109,44.2812958,107.610901
1784708261839,-31.663147,70.0936432,160.467957,20.1709976,44.2742653,107.721413
1784708261883,-32.6657944,70.0215607,160.836838,20.1155796,44.2150383,107.792091
1784708261926,-33.6629524,69.9988251,161.295944,20.1607838,44.0973053,107.870995
1784708261970,-34.6144409,69.9111786,161.507828,20.1553135,44.1367569,107.859818
1784708262013,-35.5513573,69.8800049,161.970169,20.0535297,44.0530815,107.811218
1784708262056,-36.40028,69.7301483,162.214127,19.9723434,43.9990196,107.820877
1784708262100,-37.183918,69.310318,162.345108,19.9524994,44.1210899,107.931465
1784708262143,-38.0694847,68.8561783,162.35997,20.0982285,44.0466194,108.068085
1784708262186,-39.0643921,68.4747086,162.407074,20.1074352,44.0582619,108.141548
1784708262230,-40.0648003,68.2924728,162.491501,20.0341873,43.9329338,108.098022
1784708262273,-40.9190216,68.1338043,162.80864,19.8225269,43.9585266,108.00222
1784708262316,-41.7480545,68.2758942,165.151382,18.2920723,43.5926704,107.74173
1784708262360,-42.1831627,67.8054047,164.503525,18.9821644,43.7157135,107.829529
1784708262403,-42.6925125,67.5227127,164.546936,19.2384167,43.5946388,107.969292
1784708262446,-43.2924423,67.2452393,164.608429,19.4702034,43.5394325,108.113403
1784708262489,-44.0633469,67.1114731,164.801376,19.717329,43.3990822,108.245903
1784708262532,-44.9062614,67.0164719,164.999863,19.8709431,43.4672813,108.376923
1784708262575,-45.8148918,67.106926,165.593399,19.938097,43.3653641,108.48555
1784708262618,-46.6618385,67.1188354,166.409744,19.9326725,43.2736588,108.519257
1784708262661,-47.3632851,67.1683578,167.363434,19.779665,43.0769539,108.499214
1784708262704,-48.0401993,67.237175,168.076172,19.9304104,42.9105835,108.646652
1784708262747,-48.8332825,67.5011215,168.866852,20.0218201,42.7804565,108.760757
1784708262790,-49.6074753,67.6621323,169.472992,20.0109806,42.8311043,108.817032
1784708262833,-50.3853951,67.8452988,170.322433,19.9836788,42.6886864,108.889648
1784708262876,-51.0178413,67.9854355,171.001572,19.9177418,42.6351128,108.959648
1784708262919,-51.5411797,67.9932098,171.57695,19.9200153,42.6154556,109.051025
1784708262962,-52.0567856,67.9422379,172.047379,20.0472927,42.5551605,109.202606
1784708263005,-52.6086693,67.9161911,172.481857,20.0577774,42.4822388,109.265915
1784708263048,-53.0869865,67.9469833,172.940262,19.9890614,42.4180412,109.26767
1784708263091,-53.399662,67.9918137,173.238586,19.8167534,42.3861465,109.235207
1784708263134,-53.6260681,68.0292587,173.590744,19.8017025,42.3828659,109.272285
1784708263177,-53.727314,67.8742828,173.673279,19.7920704,42.5257607,109.247375
1784708263220,-53.8839951,67.6996078,173.712372,19.768425,42.5272293,109.233803
1784708263263,-54.3146591,67.5469131,173.779297,20.0487118,42.3960228,109.400902
1784708263306,-54.9173737,67.5239868,173.556976,20.0632534,42.4293251,109.399208
1784708263349,-55.6220779,67.4820099,173.616394,19.965704,42.5122528,109.367172
1784708263392,-56.2567139,67.4257812,173.759781,19.7853413,42.4498253,109.320297
1784708263435,-56.7216835,67.2136307,173.723068,19.7261391,42.5588684,109.338722
1784708263478,-57.2150803,67.0696487,173.813782,19.8284645,42.3745041,109.423866
1784708263521,-57.7288246,66.9456635,173.788422,19.8662548,42.4129448,109.52137
1784708263563,-58.3260193,66.9065933,173.75853,20.0437756,42.288002,109.602242
1784708263606,-59.0069923,66.8349304,173.534241,20.0195808,42.4216881,109.672035
1784708263649,-59.8455048,66.66008,173.526062,20.0565205,42.4393272,109.770569
1784708263692,-60.7175217,66.6257324,173.423004,19.9983635,42.397171,109.818825
1784708263735,-61.4761467,66.6460724,173.38475,19.8640251,42.3757782,109.792763
1784708263778,-62.0132523,66.822731,173.447418,19.7705784,42.2401085,109.750969
1784708263822,-62.3356171,66.8886185,173.487579,19.7021542,42.295414,109.74958
1784708263864,-62.5928688,66.8351822,173.414948,19.6582355,42.2384644,109.788658
1784708263908,-62.9827003,66.8106308,173.144928,19.8521576,42.2392998,109.896103
1784708263950,-63.5522614,66.9610825,172.879791,20.0051136,42.1976662,109.992241
1784708263993,-64.2624283,67.1663742,172.774918,19.9793854,42.293396,110.065041
1784708264036,-64.9056702,67.2501068,172.770203,19.8906898,42.339138,110.040077
1784708264080,-65.4278107,67.3824234,172.844452,19.7716484,42.296505,110.017792
1784708264123,-65.8813782,67.615654,173.075394,19.7750721,42.1947784,110.061195
1784708264166,-66.2608871,67.8104706,173.218414,19.8578453,42.1608276,110.180817
1784708264209,-66.6722488,68.0183411,173.508194,19.8876171,42.1499939,110.299622
1784708264252,-67.0887527,68.2554932,173.68219,19.9710083,42.0845337,110.358643
1784708264295,-67.5612564,68.6558304,174.004089,20.0088062,41.981617,110.419037
1784708264338,-67.9920502,69.0711288,174.165405,20.0294647,41.9248543,110.507118
1784708264381,-68.4421082,69.5709991,174.524963,19.9919949,41.9440041,110.519661
1784708264424,-68.6944809,69.8917847,174.875748,19.9453506,42.0109825,110.486725
1784708264467,-68.7133484,70.2717056,175.47818,19.7399979,41.915802,110.387199
1784708264510,-68.5540695,70.890625,176.241196,19.8022289,41.6526642,110.354706
1784708264553,-68.1968842,71.5513916,176.910583,19.5488052,41.5571022,110.239548
1784708264596,-67.868248,72.178978,177.549637,19.5300179,41.3980484,110.256279
1784708264639,-67.8354263,72.9368744,178.262131,19.3062172,41.2842903,110.14949
1784708264682,-68.0189896,73.6255875,178.808578,18.8846588,41.3070488,109.893425
1784708264725,-68.202179,74.0291367,179.072037,18.358242,41.4355316,109.684105
1784708264768,-68.2659073,74.1328964,178.86058,18.107481,41.5262108,109.624489
1784708264812,-68.3144608,73.9936218,178.454727,17.9016705,41.7749901,109.595268
1784708264855,-68.3772125,73.4513474,177.537872,18.1848125,41.981369,109.715675
1784708264898,-68.7827225,72.9932632,176.782379,18.4461288,41.912159,109.868805
1784708264941,-69.5483704,72.7455444,176.056488,18.6199932,41.9160004,110.046127
1784708264984,-70.888916,72.8808594,176.276688,18.4837856,41.73806,110.251282
1784708265030,-72.1402435,72.685463,175.84227,18.4114227,41.9379005,110.364883
1784708265074,-73.1104507,72.1194458,174.655167,18.7348728,42.3728523,110.433075
1784708265117,-74.3050537,71.9055176,174.560364,18.8898239,42.3022766,110.535484
1784708265160,-75.4302368,71.7627716,174.656494,18.9703827,42.2330589,110.638512
1784708265203,-76.4972305,71.6102219,174.804459,19.2627048,42.169075,110.912628
1784708265246,-77.8668213,71.7173843,175.497223,19.4059887,41.8904724,111.268295
1784708265290,-79.0729904,71.552002,175.59314,19.8542919,41.873848,111.540878
1784708265333,-80.3435516,71.5682144,175.979813,19.9955254,41.6554947,111.66201
1784708265376,-81.5236664,71.6670609,176.44574,20.086235,41.6024475,111.781052
1784708265419,-82.4382248,71.5789871,176.646118,20.2871017,41.5737839,111.991791
1784708265462,-83.3632355,71.2473755,177.072983,20.3576412,41.635601,112.257378
1784708265505,-84.2501678,70.4548264,177.137802,20.6210232,41.705555,112.518639
1784708265549,-85.2323761,69.677269,177.061935,20.9300079,41.5834694,112.819275
1784708265594,-86.2776337,69.0478516,176.788849,21.2143726,41.5216637,113.109833
1784708265637,-87.4198227,68.6905212,176.586517,21.4101162,41.3741226,113.354515
1784708265680,-88.5145874,68.3325806,176.59581,21.4806652,41.4884109,113.501663
1784708265723,-89.3131485,67.7741547,176.683273,21.6209297,41.5194397,113.670517
1784708265766,-89.9828339,67.1526794,176.803345,21.9233742,41.3719444,113.966209
1784708265809,-90.6567154,66.6345673,176.894043,22.2307148,41.3249741,114.260315
1784708265852,-91.4635391,66.1996918,177.195724,22.4684925,41.2319717,114.534348
1784708265895,-92.2999191,65.7867508,177.420349,22.593483,41.2096214,114.679459
1784708265937,-93.2215118,65.5075607,177.86615,22.690836,41.0729256,114.74369
1784708265980,-93.9790344,65.3441925,178.285461,22.5655231,41.0849113,114.733673
1784708266023,-94.5477753,65.2692947,178.792572,22.5861931,40.9653587,114.760605
1784708266066,-94.9639664,64.9848251,179.448395,22.5423603,41.0702133,114.783394
1784708266109,-95.1696014,64.379364,180.121536,22.5484715,40.9999313,114.822403
1784708266153,-95.1330719,63.6707191,180.485901,22.6622982,40.9625473,114.873825
1784708266196,-94.981575,63.1856499,180.926376,22.617012,40.7973709,114.843277
1784708266238,-94.5755386,62.8683243,181.391678,22.4972954,40.7657738,114.683784
1784708266281,-93.9230576,62.5613518,181.827637,22.3185291,40.7363472,114.519928
1784708266324,-93.1533356,62.1698456,182.171341,22.2152843,40.7155228,114.363487
1784708266367,-92.3686295,61.7680969,182.514282,21.96241,40.7455139,114.150604
1784708266410,-91.6127243,61.2055206,182.739502,21.8580532,40.8279953,113.992737
1784708266453,-90.9997101,60.4113045,183.101639,21.6515408,40.9084549,113.811714
1784708266496,-90.218483,59.3886642,183.329529,21.8617992,40.9608154,113.714272
1784708266539,-89.4037857,58.356781,183.591492,21.4771976,40.9357719,113.65226
1784708266582,-88.7551422,57.3718414,183.810791,21.5921402,40.9036751,113.667809
1784708266625,-88.3513489,56.272625,184.00148,21.6729488,40.9552803,113.702637
1784708266669,-88.255188,55.0892029,184.110825,21.7710285,40.9552536,113.773056
1784708266714,-88.4093246,54.0899963,184.273422,21.774334,40.9083061,113.745773
1784708266757,-88.6772766,53.2633629,184.681519,21.7633724,40.8523865,113.719955
1784708266800,-88.8751373,52.4502335,185.309586,21.7652473,40.853138,113.730766
1784708266842,-88.9341049,51.5868378,185.851776,21.8491669,40.7530556,113.776436
1784708266885,-89.1568222,50.8782501,186.53186,22.0096741,40.6385155,113.905098
1784708266928,-89.531189,50.4137535,187.150253,22.1417522,40.5146713,113.928192
1784708266971,-90.0792847,50.1091194,188.109329,22.0756187,40.4187241,113.903664
1784708267014,-90.4506836,49.7428665,189.172333,21.9539204,40.3297043,113.896317
1784708267057,-90.6535416,49.3646774,190.213959,21.9346733,40.1658478,113.904137
1784708267107,-90.8311462,49.1885872,191.320679,21.9517555,39.9617271,113.944855
1784708267150,-90.9913788,49.1163521,192.072464,22.1087723,39.9074631,114.040779
1784708267193,-91.2911835,49.2278824,192.766891,22.2728443,39.7742195,114.117165
1784708267236,-91.715538,49.2816772,193.437347,22.2454758,39.8917351,114.103035
1784708267279,-92.1762009,49.1755791,193.942017,22.228775,39.8966522,114.04187
1784708267322,-92.5942993,49.0172844,194.441132,22.1562004,39.9045067,114.021049
1784708267365,-92.9156876,48.9936066,195.005692,22.0673771,39.8175735,113.999176
1784708267407,-93.09729,49.0647583,195.56015,21.9830208,39.7574844,113.993713
1784708267450,-93.2465515,49.1406937,196.003128,22.0691547,39.7190666,114.026299
1784708267493,-93.5224228,49.2029686,196.162567,22.1649818,39.7971497,113.982231
1784708267536,-93.999939,49.2530594,196.109879,22.1595192,39.8546104,113.946838
1784708267579,-94.5174408,49.2981911,196.20401,22.0389481,39.9361038,113.876259
1784708267621,-94.9133453,49.2445946,196.417862,21.9636955,40.0113258,113.830444
1784708267664,-95.1159515,49.0832787,196.590759,21.9521179,39.9694633,113.818336
1784708267708,-95.2120056,48.7769661,196.659164,21.9408894,39.9919586,113.884926
1784708267751,-95.3180771,48.3672562,196.672592,21.9342499,39.9951363,113.956108
1784708267793,-87.8775482,43.7426567,111.682213,-8.75889778,57.0488205,83.9255295
1784708267838,-87.529213,43.5241814,111.441933,-8.76747322,56.9802246,83.848877
1784708267882,-87.1480865,43.3400841,111.049217,-8.87676239,56.9646606,83.7711945
1784708267926,-86.7035446,43.2427444,110.703865,-9.00462723,56.9967003,83.6253433
1784708267970,-86.2020721,43.1460571,110.414551,-9.06466389,57.0332222,83.5084991
1784708268015,-85.8041382,43.0778465,110.25631,-9.09248257,57.0130882,83.4768295
1784708268059,-85.3596497,42.944458,109.859802,-9.13310432,57.0847626,83.4055634
1784708268107,-85.1303406,42.8044434,109.614594,-9.13227558,57.1086044,83.4235611
1784708268151,-84.9151001,42.494751,109.11454,-9.19301701,57.2057571,83.3624268
1784708268196,-84.8460922,42.1684494,108.682915,-9.25908566,57.2409477,83.2699509
1784708268240,-84.7888718,41.8312073,108.238968,-9.41545963,57.2081604,83.0437393
1784708268284,-84.6182022,41.4996758,108.031273,-9.69321156,57.1858101,82.7894974
1784708268329,-84.2895813,41.0830917,107.784912,-9.67277718,57.2646294,82.8056107
1784708268373,-84.0686188,40.6238976,107.580414,-9.56806278,57.3419838,82.9387436
1784708268417,-84.0774155,40.2460022,107.525764,-9.30961132,57.3089828,83.2393112
1784708268461,-84.203064,39.9052811,107.23925,-9.12874794,57.2963676,83.4605026
1784708268506,-84.4617691,39.6788902,106.962105,-9.01233196,57.2775917,83.5731812
1784708268550,-84.6361389,39.5068245,106.655777,-9.13224983,57.308136,83.4806824
1784708268595,-84.7432251,39.3292847,106.505013,-9.10874557,57.3331718,83.4815445
1784708268639,-84.7893143,39.0238686,106.245041,-8.93900013,57.4173088,83.5799255
1784708268683,-85.0138245,38.6431007,106.048981,-8.79650688,57.4618034,83.7715378
1784708268727,-85.2268372,38.2552872,105.611023,-8.59235001,57.4874802,83.9810181
1784708268771,-85.4621887,37.9282379,105.182404,-8.53913784,57.5239105,84.1140442
1784708268816,-85.6666107,37.7930908,104.632919,-8.42014885,57.4896927,84.1691666
1784708268860,-85.7282944,37.7618904,104.149254,-8.55208206,57.5334511,84.0404663
1784708268905,-85.6679916,37.6332321,103.581787,-8.56791306,57.6387711,83.8872528
1784708268949,-85.5953903,37.3511734,103.04908,-8.69791126,57.7013893,83.7387772
1784708268994,-85.357399,36.9390564,102.374786,-8.8061552,57.7755508,83.562149
1784708269038,-85.1685562,36.4340897,101.954033,-8.91408253,57.8636551,83.5918579
1784708269083,-84.9402924,35.876049,101.374992,-8.85298157,57.9352646,83.6753159
1784708269128,-84.6994858,35.4435768,100.851883,-8.82287407,57.9137611,83.681694
1784708269172,-84.3455963,35.1654968,100.395401,-8.89094067,57.8963242,83.6621933
1784708269216,-83.9845963,34.950222,99.9773636,-8.81513977,57.9254036,83.7160034
1784708269261,-83.7437134,34.6669731,99.6232452,-8.7658596,58.001812,83.8471298
1784708269305,-83.5498886,34.2820587,98.9729233,-8.69105339,58.1144791,83.9093781
1784708269349,-83.5187378,33.9458542,98.3091125,-8.6866169,58.1501541,83.9119415
1784708269394,-83.4708099,33.5951462,97.7384109,-8.9022398,58.1597061,83.7182083
1784708269438,-83.2908173,33.2215996,97.2798386,-8.98494053,58.1533089,83.6355057
1784708269483,-83.0087204,32.7722206,96.8245697,-8.9285965,58.1901855,83.6249008
1784708269527,-82.821907,32.3580856,96.4841614,-8.65286922,58.1989212,83.7992554
1784708269572,-82.6859512,31.8654881,96.0023193,-8.38845158,58.2995682,84.0032196
1784708269616,-82.7338562,31.2782097,95.3886337,-8.15112686,58.4248238,84.2150192
1784708269660,-82.8301926,30.6659718,94.7712173,-8.11075592,58.4674225,84.2624893
1784708269705,-82.7747421,30.0925713,94.1954422,-8.201931,58.5052338,84.194519
1784708269749,-82.7501068,29.6878872,93.9857407,-8.14147282,58.4441299,84.3228912
1784708269794,-82.6074066,29.275753,93.5253525,-7.99326801,58.4946632,84.4498138
1784708269838,-82.6602859,28.9708977,93.1382446,-7.87234497,58.501152,84.5544739
1784708269883,-82.7795639,28.705759,92.6907272,-7.88205147,58.4965897,84.5665359
1784708269927,-82.9210205,28.5457668,92.213356,-7.99668503,58.4878044,84.5389709
1784708269975,-82.989769,28.5916958,91.8275986,-8.09062958,58.430706,84.4634476
1784708270020,-82.8879166,28.8519382,91.4894791,-8.21622086,58.3744507,84.2342834
1784708270064,-82.6031265,29.095377,91.2058716,-8.53622437,58.3951645,83.8010788
1784708270108,-82.2606125,29.1654224,91.0848999,-8.71232033,58.4087944,83.5581818
1784708270155,-81.7996826,28.9860821,90.8110428,-8.81830788,58.4526901,83.4710236
1784708270199,-81.310051,28.7677956,90.3780441,-8.99436092,58.5129166,83.3193817
1784708270244,-80.8404236,28.637373,89.9680557,-9.24604988,58.53582,83.0912552
1784708270288,-80.2964706,28.6610355,89.6928711,-9.56686115,58.5013542,82.7122574
1784708270333,-79.6006241,28.6606979,89.6111984,-9.87211418,58.4515038,82.4136124
1784708270377,-78.8413696,28.6133156,89.7524872,-10.0042048,58.4024162,82.355896
1784708270422,-77.9622574,28.4810696,89.9686279,-10.1416388,58.3987846,82.3468475
1784708270466,-77.0218735,28.2611332,89.9548187,-10.1381712,58.4616089,82.3214111
1784708270511,-76.161644,27.9336147,89.864212,-10.2925692,58.5026741,82.1278
1784708270555,-75.4492111,27.6619759,89.9145889,-10.4876556,58.4057999,81.8905716
1784708270600,-74.6616669,27.4613914,90.0305023,-10.7578173,58.321312,81.5753403
1784708270644,-73.7038803,27.3183117,90.3513107,-10.9464302,58.242836,81.3628464
1784708270689,-73.7038803,27.3183117,90.3513107,-10.9464302,58.242836,81.3628464
1784708270739,-73.7038803,27.3183117,90.3513107,-10.9464302,58.242836,81.3628464
1784708270788,-73.7038803,27.3183117,90.3513107,-10.9464302,58.242836,81.3628464
1784708270837,-68.3252335,26.1056004,89.8011627,-10.9804859,58.8188629,80.865799
1784708270883,-67.4604416,26.1774635,90.5040741,-11.1848049,58.6706047,80.5839996
1784708270929,-66.4702759,26.2413635,91.4838409,-11.5136747,58.4358635,80.2689896
1784708270974,-66.4702759,26.2413635,91.4838409,-11.5136747,58.4358635,80.2689896
1784708271024,-66.4702759,26.2413635,91.4838409,-11.5136747,58.4358635,80.2689896
1784708271073,-62.4808159,26.4579792,93.9042892,-10.8019466,57.571312,80.7559662
1784708271118,-61.2246056,26.1907215,94.5517426,-11.2992954,57.4170723,80.4283981
1784708271163,-59.646595,25.5732117,94.8280258,-11.4655476,57.736721,79.5039825
1784708271209,-58.2978516,25.0617809,95.5068512,-11.7668371,57.6772614,79.2634735
1784708271254,-56.9067421,24.3302803,96.1466751,-11.9216557,57.6262779,79.1277618
1784708271300,-55.4014511,23.4674358,96.5571213,-11.9545078,57.6007462,79.1152267
1784708271346,-53.9972382,22.6890316,96.8239594,-11.6680241,57.5966568,79.3381729
1784708271391,-52.5846596,21.9179134,96.5449829,-11.709343,57.7961769,79.3582382
1784708271435,-51.6492424,21.349884,96.7247467,-11.5137491,57.8016434,79.4862289
1784708271479,-50.8854752,20.8542061,96.89151,-11.4894447,57.7885628,79.4019394
1784708271522,-50.1811523,20.468708,97.1406021,-11.5407276,57.6793823,79.2529984
1784708271566,-49.3798294,20.2177944,97.514595,-11.6161747,57.630909,79.0776367
1784708271610,-48.5301094,20.0583572,97.9127426,-11.5035954,57.5784111,79.1091919
1784708271654,-47.7474785,19.958477,98.4499512,-11.4418077,57.4779892,79.1154404
1784708271698,-46.9645729,19.9715481,98.968071,-11.332016,57.3860588,79.1470718
1784708271741,-46.2034531,20.0618362,99.532074,-11.2890768,57.3150406,79.1237335
1784708271785,-45.3364677,20.13451,100.080345,-11.2908068,57.288166,79.0498428
1784708271828,-44.4223785,20.1228409,100.551682,-11.2028437,57.2827759,79.0366364
1784708271872,-43.5991554,20.1300125,101.120399,-11.0608749,57.2155342,79.064209
1784708271916,-42.7639618,20.1399784,101.494499,-11.1031713,57.2126007,78.9278793
1784708271959,-41.9361191,20.2011719,101.930916,-11.1299515,57.1364555,78.7786331
1784708272003,-40.9940567,20.3108959,102.257294,-11.3304253,57.0859909,78.5066833
1784708272046,-39.9476929,20.4275684,102.471153,-11.6109457,57.1138115,78.2011948
1784708272090,-38.9484596,20.5520077,102.664528,-11.6500263,57.1427498,78.0888977
1784708272133,-38.0785637,20.694521,102.893272,-11.6711216,57.1162491,77.9439316
1784708272177,-37.2146873,20.8671188,102.953606,-11.8199377,57.089798,77.6922379
1784708272220,-36.3055954,21.0086765,103.01329,-12.0688343,57.1391029,77.3678436
1784708272264,-35.3670769,21.0796413,103.076157,-12.2217512,57.2120361,77.177681
1784708272308,-34.5035667,21.0931225,103.220886,-12.3136177,57.2380524,77.0462799
1784708272351,-33.7008171,21.1616459,103.303467,-12.3088446,57.196804,76.9700012
1784708272395,-32.9599266,21.4269638,103.438194,-12.34342,57.1513252,76.8393173
1784708272438,-32.3706856,21.81884,103.672752,-12.1733809,57.0342865,76.9479141
1784708272483,-31.7757339,22.0226173,103.824081,-12.2670326,57.1182747,76.824852
1784708272528,-31.1737423,22.0286846,103.966499,-12.2025709,57.2172394,76.8453522
1784708272572,-30.6814594,21.8666897,104.046371,-11.9965115,57.2711411,77.0398788
1784708272617,-30.3273621,21.6836166,104.098442,-11.7723894,57.2600937,77.2440414
1784708272661,-30.0132198,21.4756508,104.146561,-11.6894455,57.2623024,77.3618164
1784708272706,-29.6555042,21.1899967,104.12841,-11.6218681,57.3004837,77.3671494
1784708272751,-29.2802715,20.9200516,104.121063,-11.5723038,57.2931442,77.3277283
1784708272795,-28.9240875,20.716013,104.177017,-11.5194407,57.3011856,77.2404099
1784708272840,-28.5198269,20.37117,104.173378,-11.5288601,57.3712006,77.1213303
1784708272884,-28.0663395,19.8085289,104.259583,-11.6871386,57.3407745,76.9516602
1784708272928,-27.4074097,19.1778965,104.341675,-11.8872547,57.2018127,76.7599945
1784708272973,-26.4435253,18.6975689,104.44767,-11.9864187,57.1214142,76.6783981
1784708273018,-25.3155384,18.3130608,104.454498,-12.1449957,57.1753998,76.414566
1784708273061,-24.2050381,18.0943966,104.658127,-12.1580496,57.111805,76.2954865
1784708273105,-23.1553555,17.8290958,104.742081,-12.1417322,57.1135025,76.1942978
1784708273148,-22.2818394,17.4701366,104.786125,-12.1151009,57.0970879,76.0926285
1784708273191,-21.5827312,17.1056824,104.777718,-12.2299175,57.0410309,75.9087143
1784708273235,-20.8705997,16.8794479,104.857719,-12.4019003,56.9881325,75.7589951
1784708273278,-20.1185169,16.6492901,104.958145,-12.5650911,56.9764366,75.6027908
1784708273321,-19.2750568,16.4983311,105.065849,-12.6800613,56.9095078,75.4416809
1784708273364,-18.3091145,16.3470402,105.235878,-12.7625408,56.89785,75.2728348
1784708273407,-17.2938137,16.1394787,105.449211,-12.7118797,56.8892746,75.1891251
1784708273450,-16.4408436,15.8304415,105.680573,-12.4881926,56.873455,75.2805786
1784708273494,-15.7900314,15.5584955,105.851341,-12.4156551,56.8335991,75.280304
1784708273537,-15.1665192,15.3803911,106.110413,-12.4866343,56.807621,75.1547089
1784708273580,-14.3866081,15.2639265,106.427193,-12.6415758,56.7983971,74.989151
1784708273623,-13.4794979,15.1367216,106.826378,-12.7624149,56.7677002,74.7756119
1784708273666,-12.4925728,15.0914602,107.427071,-12.8845301,56.5988808,74.4967957
1784708273710,-11.3377132,15.3905525,108.77179,-12.9533482,56.1913033,74.2365875
1784708273755,-9.91710949,15.7914743,109.417282,-13.1713638,55.9804153,74.2549515
1784708273800,-8.52767754,16.1116982,110.440254,-13.1925268,56.0548782,73.8590622
1784708273844,-7.16498756,16.20858,111.157433,-13.4038181,55.8872757,73.9037933
1784708273889,-5.78113508,16.257534,112.059555,-13.6728745,55.7039261,73.6061096
1784708273934,-4.25532961,16.4211655,113.127014,-13.8885202,55.4962273,73.2698822
1784708273979,-0.263017714,18.8745022,136.595352,-14.7904091,49.0460243,74.8738937
1784708274024,-0.263017714,18.8745022,136.595352,-14.7904091,49.0460243,74.8738937
1784708274073,3.46207929,18.8512363,136.531113,-14.4301729,49.6794548,74.1100006
1784708274119,2.3859098,16.4018517,116.100311,-14.4854469,55.4514542,72.117836
1784708274163,3.72352386,16.0557442,116.656448,-14.5839567,55.438961,71.9538574
1784708274208,5.02462149,15.7696352,117.258072,-14.7578182,55.3391457,71.7231369
1784708274253,6.34933233,15.5427685,117.802437,-14.9088812,55.2922821,71.4818115
1784708274297,7.57430696,15.2565975,118.409988,-14.9318504,55.2643089,71.2938309
1784708274342,9.22869492,16.0538197,126.358871,-11.0136261,53.5903282,73.9515533
1784708274387,10.0119114,15.5709686,125.270088,-11.8694153,53.9451447,73.4514999
1784708274431,10.4192429,14.8468971,121.498207,-14.0360355,54.5633621,72.4010696
1784708274476,11.2159891,14.5769548,120.683601,-15.2259693,55.0521851,71.167572
1784708274520,11.7293177,14.5476732,122.492325,-14.1443348,54.3778877,72.5334396
1784708274564,12.0989151,14.181015,123.140388,-15.5984507,54.237812,71.7577744
1784708274609,12.2804804,13.8321104,123.330429,-15.6672535,54.3594856,71.4191666
1784708274654,12.4903231,13.6506529,124.396111,-14.6332884,54.7524643,71.3427658
1784708274697,12.6847773,13.8086758,124.677856,-14.9964647,54.6760635,71.3641281
1784708274740,12.9615135,14.4420099,128.435059,-13.1141138,54.2926178,71.7785568
1784708274785,12.4329967,14.4704885,125.196747,-14.9108095,54.9098167,71.1301575
1784708274829,12.9039593,15.6854086,129.784805,-12.041049,54.5709991,72.6105957
1784708274874,13.3378468,16.5244179,131.915131,-11.2238255,54.4495277,72.6887207
1784708274918,13.2979603,16.290699,127.666122,-14.8318892,54.0433884,71.7922134
1784708274963,14.3026676,17.3539772,132.834045,-11.6388502,54.4436073,72.4942551
1784708275007,14.6424742,17.2283802,129.606003,-14.5236464,54.7380981,71.2416077
1784708275051,16.0237541,18.8331146,135.384064,-11.2754879,54.0330544,72.1012192
1784708275095,15.9522867,18.3699551,130.553055,-14.671298,54.7427177,71.3517838
1784708275139,16.4583454,18.8467064,131.959427,-14.2631454,54.5223846,71.7486725
1784708275187,16.810709,18.9698143,132.949387,-13.8798523,54.632267,71.7048874
1784708275231,16.9609032,18.7736702,133.259079,-13.7888222,54.6562576,71.5556564
1784708275274,17.0773621,18.5349922,132.766678,-14.4121132,54.5220222,71.3945007
1784708275317,17.0235958,18.1752052,131.211914,-14.4612885,55.1093788,71.1163254
1784708275361,17.3902569,18.4049625,132.82373,-13.933322,54.7055054,71.7805481
1784708275404,17.5388374,18.4671574,132.897202,-13.6270094,54.7728157,72.0943527
1784708275447,17.5217533,18.55583,132.949066,-13.5116558,54.7726936,72.3601761
1784708275491,17.3558693,18.6968689,133.077484,-13.5031948,54.6997337,72.5637207
1784708275534,16.7862434,18.9811077,132.433914,-12.867672,54.4873772,73.0436859
1784708275577,16.546526,19.582058,134.008224,-13.6125288,54.3083115,72.8526535
1784708275622,15.9276466,19.8289642,132.616486,-13.1036215,54.5286369,72.7833862
1784708275666,15.7172136,20.4412537,132.789612,-13.1773634,54.3455963,72.8757172
1784708275711,15.9150038,20.9805737,133.883743,-13.2879953,54.9305801,72.5112076
1784708275755,15.9349966,21.685339,134.022797,-12.2186708,54.4889107,73.587204
1784708275799,15.8821955,22.3132629,134.4897,-11.8395977,54.4011726,73.9888153
1784708275843,15.6504726,23.0330658,135.165787,-11.2190256,54.6417465,74.3229065
1784708275888,15.2537127,23.3833866,133.895737,-12.0477533,55.7268066,73.0752106
1784708275933,14.8863535,23.8655567,134.001816,-12.0390196,55.8273621,73.0875778
1784708275977,14.545619,24.0597191,134.151321,-12.0502672,55.8851166,73.0273361
1784708276022,14.3615246,24.1296101,133.930191,-12.2595158,55.8916588,72.8099899
1784708276067,14.4833212,24.1662407,133.792084,-12.3554859,55.8875656,72.7769165
1784708276111,14.7510862,24.2452564,133.947784,-12.2200127,55.8469658,72.9027176
1784708276156,15.1220169,24.3107567,133.991959,-12.301981,55.765583,72.8864594
1784708276200,15.5463772,24.3921547,134.009384,-12.3757286,55.7011566,72.7910919
1784708276245,15.9619751,24.4908085,133.993774,-12.4624796,55.7429924,72.6076889
1784708276289,16.5051327,24.3901253,133.852142,-12.7181158,55.8286209,72.2859726
1784708276334,17.2703896,24.1619434,133.63591,-13.0938082,55.8436203,71.8977737
1784708276379,19.1712532,24.7724304,138.44548,-11.8718328,54.6279221,72.4211121
1784708276423,19.8258133,23.6705379,135.200012,-12.8046789,55.4583168,72.1008759
1784708276467,20.7671814,22.8597469,133.934341,-13.7463188,55.4883728,71.6430511
1784708276510,21.4578552,22.0214615,133.396744,-14.0860634,55.4969559,71.115654
1784708276553,22.0672054,21.2845573,132.697342,-14.5650291,55.5061531,70.5209579
1784708276597,22.9587059,20.8549843,132.579254,-14.3623791,55.7836266,70.0035172
1784708276640,24.1594219,20.554985,133.257339,-14.2364054,55.6310654,70.1166229
1784708276683,25.3638306,20.0343151,133.324722,-14.2741413,55.6114845,70.0375137
1784708276726,26.6959248,19.4822159,133.587219,-14.4272079,55.4538612,69.9799576
1784708276771,27.9306831,19.0142365,133.53392,-14.4134865,55.4169807,69.8475647
1784708276815,29.146883,18.7211475,133.480423,-14.4712009,55.3939209,69.7389679
1784708276860,30.3375835,18.4557648,133.314255,-14.5468884,55.4494553,69.6156845
1784708276906,22.173048,15.9806204,109.939018,-2.95715189,63.5999146,76.2159271
1784708276950,32.7512589,18.3402042,133.070145,-14.5012636,55.4546928,69.4964752
1784708276995,33.7666245,18.353281,132.990372,-14.4744644,55.5004997,69.3878632
